12/17/2012 23:35:00	522
12/17/2012 23:40:00	725
12/17/2012 23:45:00	455
12/17/2012 23:50:00	404
12/17/2012 23:55:00	332
12/18/2012 00:00:00	526
12/18/2012 00:05:00	408
12/18/2012 00:10:00	385
12/18/2012 00:15:00	383
12/18/2012 00:20:00	396
12/18/2012 00:25:00	325
12/18/2012 00:30:00	300
12/18/2012 00:35:00	328
12/18/2012 00:40:00	510
12/18/2012 00:45:00	347
12/18/2012 00:50:00	333
12/18/2012 00:55:00	221
12/18/2012 01:00:00	441
12/18/2012 01:05:00	310
12/18/2012 01:10:00	244
12/18/2012 01:15:00	309
12/18/2012 01:20:00	232
12/18/2012 01:25:00	278
12/18/2012 01:30:00	416
12/18/2012 01:35:00	240
12/18/2012 01:40:00	267
12/18/2012 01:45:00	403
12/18/2012 01:50:00	180
12/18/2012 01:55:00	207
12/18/2012 02:00:00	396
12/18/2012 02:05:00	323
12/18/2012 02:10:00	311
12/18/2012 02:15:00	219
12/18/2012 02:20:00	522
12/18/2012 02:25:00	126
12/18/2012 02:30:00	490
12/18/2012 02:35:00	229
12/18/2012 02:40:00	263
12/18/2012 02:45:00	227
12/18/2012 02:50:00	156
12/18/2012 02:55:00	254
12/18/2012 03:00:00	384
12/18/2012 03:05:00	228
12/18/2012 03:10:00	206
12/18/2012 03:15:00	240
12/18/2012 03:20:00	382
12/18/2012 03:25:00	85
12/18/2012 03:30:00	358
12/18/2012 03:35:00	156
12/18/2012 03:40:00	204
12/18/2012 03:45:00	218
12/18/2012 03:50:00	168
12/18/2012 03:55:00	322
12/18/2012 04:00:00	16
12/18/2012 04:05:00	393
12/18/2012 04:10:00	251
12/18/2012 04:15:00	204
12/18/2012 04:20:00	179
12/18/2012 04:25:00	191
12/18/2012 04:30:00	207
12/18/2012 04:35:00	416
12/18/2012 04:40:00	182
12/18/2012 04:45:00	228
12/18/2012 04:50:00	239
12/18/2012 04:55:00	237
12/18/2012 05:00:00	113
12/18/2012 05:05:00	363
12/18/2012 05:10:00	250
12/18/2012 05:15:00	204
12/18/2012 05:20:00	211
12/18/2012 05:25:00	400
12/18/2012 05:30:00	240
12/18/2012 05:35:00	318
12/18/2012 05:40:00	203
12/18/2012 05:45:00	400
12/18/2012 05:50:00	289
12/18/2012 05:55:00	296
12/18/2012 06:00:00	432
12/18/2012 06:05:00	433
12/18/2012 06:10:00	392
12/18/2012 06:15:00	507
12/18/2012 06:20:00	538
12/18/2012 06:25:00	634
12/18/2012 06:30:00	529
12/18/2012 06:35:00	597
12/18/2012 06:40:00	756
12/18/2012 06:45:00	766
12/18/2012 06:50:00	876
12/18/2012 06:55:00	827
12/18/2012 07:00:00	1044
12/18/2012 07:05:00	1076
12/18/2012 07:10:00	1080
12/18/2012 07:15:00	991
12/18/2012 07:20:00	1175
12/18/2012 07:25:00	1127
12/18/2012 07:30:00	1011
12/18/2012 07:35:00	1143
12/18/2012 07:40:00	1265
12/18/2012 07:45:00	1116
12/18/2012 07:50:00	1171
12/18/2012 07:55:00	1266
12/18/2012 08:00:00	1139
12/18/2012 08:05:00	1090
12/18/2012 08:10:00	1064
12/18/2012 08:15:00	1198
12/18/2012 08:20:00	1169
12/18/2012 08:25:00	1008
12/18/2012 08:30:00	942
12/18/2012 08:35:00	1119
12/18/2012 08:40:00	961
12/18/2012 08:45:00	1030
12/18/2012 08:50:00	1027
12/18/2012 08:55:00	1196
12/18/2012 09:00:00	1014
12/18/2012 09:05:00	1044
12/18/2012 09:10:00	1149
12/18/2012 09:15:00	1032
12/18/2012 09:20:00	1080
12/18/2012 09:25:00	1078
12/18/2012 09:30:00	1020
12/18/2012 09:35:00	1082
12/18/2012 09:40:00	1100
12/18/2012 09:45:00	1080
12/18/2012 09:50:00	1050
12/18/2012 09:55:00	941
12/18/2012 10:00:00	1150
12/18/2012 10:05:00	1081
12/18/2012 10:10:00	1125
12/18/2012 10:15:00	1096
12/18/2012 10:20:00	942
12/18/2012 10:25:00	1151
12/18/2012 10:30:00	1158
12/18/2012 10:35:00	941
12/18/2012 10:40:00	1098
12/18/2012 10:45:00	845
12/18/2012 10:50:00	1078
12/18/2012 10:55:00	996
12/18/2012 11:00:00	1016
12/18/2012 11:05:00	866
12/18/2012 11:10:00	509
12/18/2012 11:15:00	1445
12/18/2012 11:20:00	673
12/18/2012 11:25:00	1243
12/18/2012 11:30:00	892
12/18/2012 11:35:00	1123
12/18/2012 11:40:00	899
12/18/2012 11:45:00	879
12/18/2012 11:50:00	1087
12/18/2012 11:55:00	889
12/18/2012 12:00:00	994
12/18/2012 12:05:00	925
12/18/2012 12:10:00	994
12/18/2012 12:15:00	972
12/18/2012 12:20:00	1007
12/18/2012 12:25:00	984
12/18/2012 12:30:00	1067
12/18/2012 12:35:00	1008
12/18/2012 12:40:00	1007
12/18/2012 12:45:00	972
12/18/2012 12:50:00	948
12/18/2012 12:55:00	1008
12/18/2012 13:00:00	1028
12/18/2012 13:05:00	791
12/18/2012 13:10:00	771
12/18/2012 13:15:00	993
12/18/2012 13:20:00	827
12/18/2012 13:25:00	827
12/18/2012 13:30:00	791
12/18/2012 13:35:00	876
12/18/2012 13:40:00	895
12/18/2012 13:45:00	625
12/18/2012 13:50:00	852
12/18/2012 13:55:00	864
12/18/2012 14:00:00	828
12/18/2012 14:05:00	804
12/18/2012 14:10:00	804
12/18/2012 14:15:00	816
12/18/2012 14:20:00	792
12/18/2012 14:25:00	888
12/18/2012 14:30:00	852
12/18/2012 14:35:00	888
12/18/2012 14:40:00	852
12/18/2012 14:45:00	828
12/18/2012 14:50:00	852
12/18/2012 14:55:00	828
12/18/2012 15:00:00	816
12/18/2012 15:05:00	780
12/18/2012 15:10:00	756
12/18/2012 15:15:00	756
12/18/2012 15:20:00	756
12/18/2012 15:25:00	565
12/18/2012 15:30:00	742
12/18/2012 15:35:00	792
12/18/2012 15:40:00	780
12/18/2012 15:45:00	768
12/18/2012 15:50:00	732
12/18/2012 15:55:00	780
12/18/2012 16:00:00	756
12/18/2012 16:05:00	768
12/18/2012 16:10:00	848
12/18/2012 16:15:00	663
12/18/2012 16:20:00	836
12/18/2012 16:25:00	791
12/18/2012 16:30:00	803
12/18/2012 16:35:00	792
12/18/2012 16:40:00	803
12/18/2012 16:45:00	731
12/18/2012 16:50:00	756
12/18/2012 16:55:00	1038
12/18/2012 17:00:00	785
12/18/2012 17:05:00	990
12/18/2012 17:10:00	797
12/18/2012 17:15:00	942
12/18/2012 17:20:00	1007
12/18/2012 17:25:00	808
12/18/2012 17:30:00	966
12/18/2012 17:35:00	876
12/18/2012 17:40:00	840
12/18/2012 17:45:00	875
12/18/2012 17:50:00	898
12/18/2012 17:55:00	1048
12/18/2012 18:00:00	882
12/18/2012 18:05:00	853
12/18/2012 18:10:00	1036
12/18/2012 18:15:00	1044
12/18/2012 18:20:00	763
12/18/2012 18:25:00	977
12/18/2012 18:30:00	994
12/18/2012 18:35:00	996
12/18/2012 18:40:00	961
12/18/2012 18:45:00	1124
12/18/2012 18:50:00	1094
12/18/2012 18:55:00	1020
12/18/2012 19:00:00	1218
12/18/2012 19:05:00	1062
12/18/2012 19:10:00	1031
12/18/2012 19:15:00	868
12/18/2012 19:20:00	1096
12/18/2012 19:25:00	1078
12/18/2012 19:30:00	894
12/18/2012 19:35:00	899
12/18/2012 19:40:00	902
12/18/2012 19:45:00	1130
12/18/2012 19:50:00	831
12/18/2012 19:55:00	974
12/18/2012 20:00:00	835
12/18/2012 20:05:00	792
12/18/2012 20:10:00	816
12/18/2012 20:15:00	804
12/18/2012 20:20:00	862
12/18/2012 20:25:00	730
12/18/2012 20:30:00	732
12/18/2012 20:35:00	756
12/18/2012 20:40:00	744
12/18/2012 20:45:00	792
12/18/2012 20:50:00	718
12/18/2012 20:55:00	889
12/18/2012 21:00:00	743
12/18/2012 21:05:00	888
12/18/2012 21:10:00	648
12/18/2012 21:15:00	863
12/18/2012 21:20:00	660
12/18/2012 21:25:00	732
12/18/2012 21:30:00	803
12/18/2012 21:35:00	624
12/18/2012 21:40:00	815
12/18/2012 21:45:00	615
12/18/2012 21:50:00	552
12/18/2012 21:55:00	800
12/18/2012 22:00:00	614
12/18/2012 22:05:00	673
12/18/2012 22:10:00	683
12/18/2012 22:15:00	663
12/18/2012 22:20:00	857
12/18/2012 22:25:00	715
12/18/2012 22:30:00	693
12/18/2012 22:35:00	685
12/18/2012 22:40:00	661
12/18/2012 22:45:00	670
12/18/2012 22:50:00	497
12/18/2012 22:55:00	774
12/18/2012 23:00:00	795
12/18/2012 23:05:00	606
12/18/2012 23:10:00	632
12/18/2012 23:15:00	640
12/18/2012 23:20:00	655
12/18/2012 23:25:00	651
12/18/2012 23:30:00	533
12/18/2012 23:35:00	702
12/18/2012 23:40:00	498
12/18/2012 23:45:00	438
12/18/2012 23:50:00	524
12/18/2012 23:55:00	575
12/24/2012 23:35:00	544
12/24/2012 23:40:00	517
12/24/2012 23:45:00	618
12/24/2012 23:50:00	666
12/24/2012 23:55:00	728
12/25/2012 00:00:00	585
12/25/2012 00:05:00	605
12/25/2012 00:10:00	379
12/25/2012 00:15:00	544
12/25/2012 00:20:00	557
12/25/2012 00:25:00	498
12/25/2012 00:30:00	393
12/25/2012 00:35:00	391
12/25/2012 00:40:00	536
12/25/2012 00:45:00	425
12/25/2012 00:50:00	352
12/25/2012 00:55:00	330
12/25/2012 01:00:00	336
12/25/2012 01:05:00	333
12/25/2012 01:10:00	425
12/25/2012 01:15:00	199
12/25/2012 01:20:00	343
12/25/2012 01:25:00	341
12/25/2012 01:30:00	388
12/25/2012 01:35:00	256
12/25/2012 01:40:00	404
12/25/2012 01:45:00	339
12/25/2012 01:50:00	352
12/25/2012 01:55:00	286
12/25/2012 02:00:00	288
12/25/2012 02:05:00	260
12/25/2012 02:10:00	209
12/25/2012 02:15:00	352
12/25/2012 02:20:00	245
12/25/2012 02:25:00	78
12/25/2012 02:30:00	185
12/25/2012 02:35:00	299
12/25/2012 02:40:00	209
12/25/2012 02:45:00	181
12/25/2012 02:50:00	187
12/25/2012 02:55:00	334
12/25/2012 03:00:00	52
12/25/2012 03:05:00	350
12/25/2012 03:10:00	186
12/25/2012 03:15:00	177
12/25/2012 03:20:00	205
12/25/2012 03:25:00	107
12/25/2012 03:30:00	310
12/25/2012 03:35:00	184
12/25/2012 03:40:00	90
12/25/2012 03:45:00	164
12/25/2012 03:50:00	164
12/25/2012 03:55:00	147
12/25/2012 04:00:00	272
12/25/2012 04:05:00	183
12/25/2012 04:10:00	134
12/25/2012 04:15:00	190
12/25/2012 04:20:00	193
12/25/2012 04:25:00	114
12/25/2012 04:30:00	162
12/25/2012 04:35:00	241
12/25/2012 04:40:00	355
12/25/2012 04:45:00	247
12/25/2012 04:50:00	217
12/25/2012 04:55:00	184
12/25/2012 05:00:00	133
12/25/2012 05:05:00	266
12/25/2012 05:10:00	208
12/25/2012 05:15:00	194
12/25/2012 05:20:00	198
12/25/2012 05:25:00	314
12/25/2012 05:30:00	84
12/25/2012 05:35:00	250
12/25/2012 05:40:00	-32
12/25/2012 05:45:00	388
12/25/2012 05:50:00	156
12/25/2012 05:55:00	144
12/25/2012 06:00:00	191
12/25/2012 06:05:00	410
12/25/2012 06:10:00	132
12/25/2012 06:15:00	236
12/25/2012 06:20:00	298
12/25/2012 06:25:00	243
12/25/2012 06:30:00	261
12/25/2012 06:35:00	400
12/25/2012 06:40:00	167
12/25/2012 06:45:00	248
12/25/2012 06:50:00	215
12/25/2012 06:55:00	287
12/25/2012 07:00:00	364
12/25/2012 07:05:00	190
12/25/2012 07:10:00	250
12/25/2012 07:15:00	328
12/25/2012 07:20:00	382
12/25/2012 07:25:00	338
12/25/2012 07:30:00	311
12/25/2012 07:35:00	382
12/25/2012 07:40:00	359
12/25/2012 07:45:00	507
12/25/2012 07:50:00	459
12/25/2012 07:55:00	501
12/25/2012 08:00:00	433
12/25/2012 08:05:00	601
12/25/2012 08:10:00	612
12/25/2012 08:15:00	575
12/25/2012 08:20:00	540
12/25/2012 08:25:00	744
12/25/2012 08:30:00	672
12/25/2012 08:35:00	720
12/25/2012 08:40:00	768
12/25/2012 08:45:00	612
12/25/2012 08:50:00	837
12/25/2012 08:55:00	818
12/25/2012 09:00:00	973
12/25/2012 09:05:00	970
12/25/2012 09:10:00	948
12/25/2012 09:15:00	933
12/25/2012 09:20:00	1095
12/25/2012 09:25:00	898
12/25/2012 09:30:00	1125
12/25/2012 09:35:00	1158
12/25/2012 09:40:00	962
12/25/2012 09:45:00	1124
12/25/2012 09:50:00	1364
12/25/2012 09:55:00	1090
12/25/2012 10:00:00	1078
12/25/2012 10:05:00	1173
12/25/2012 10:10:00	1380
12/25/2012 10:15:00	1178
12/25/2012 10:20:00	1470
12/25/2012 10:25:00	1331
12/25/2012 10:30:00	1251
12/25/2012 10:35:00	1192
12/25/2012 10:40:00	1175
12/25/2012 10:45:00	1421
12/25/2012 10:50:00	1181
12/25/2012 10:55:00	1160
12/25/2012 11:00:00	1185
12/25/2012 11:05:00	1154
12/25/2012 11:10:00	1217
12/25/2012 11:15:00	1224
12/25/2012 11:20:00	1412
12/25/2012 11:25:00	1148
12/25/2012 11:30:00	1127
12/25/2012 11:35:00	1136
12/25/2012 11:40:00	1119
12/25/2012 11:45:00	1046
12/25/2012 11:50:00	1145
12/25/2012 11:55:00	1330
12/25/2012 12:00:00	1086
12/25/2012 12:05:00	1100
12/25/2012 12:10:00	1084
12/25/2012 12:15:00	1122
12/25/2012 12:20:00	1163
12/25/2012 12:25:00	1271
12/25/2012 12:30:00	1072
12/25/2012 12:35:00	1111
12/25/2012 12:40:00	1056
12/25/2012 12:45:00	1127
12/25/2012 12:50:00	1068
12/25/2012 12:55:00	1045
12/25/2012 13:00:00	1162
12/25/2012 13:05:00	997
12/25/2012 13:10:00	1051
12/25/2012 13:15:00	1077
12/25/2012 13:20:00	1056
12/25/2012 13:25:00	1007
12/25/2012 13:30:00	996
12/25/2012 13:35:00	905
12/25/2012 13:40:00	898
12/25/2012 13:45:00	933
12/25/2012 13:50:00	995
12/25/2012 13:55:00	1054
12/25/2012 14:00:00	946
12/25/2012 14:05:00	945
12/25/2012 14:10:00	937
12/25/2012 14:15:00	883
12/25/2012 14:20:00	733
12/25/2012 14:25:00	1019
12/25/2012 14:30:00	855
12/25/2012 14:35:00	1031
12/25/2012 14:40:00	929
12/25/2012 14:45:00	841
12/25/2012 14:50:00	833
12/25/2012 14:55:00	918
12/25/2012 15:00:00	692
12/25/2012 15:05:00	811
12/25/2012 15:10:00	829
12/25/2012 15:15:00	710
12/25/2012 15:20:00	812
12/25/2012 15:25:00	791
12/25/2012 15:30:00	641
12/25/2012 15:35:00	811
12/25/2012 15:40:00	688
12/25/2012 15:45:00	706
12/25/2012 15:50:00	674
12/25/2012 15:55:00	613
12/25/2012 16:00:00	621
12/25/2012 16:05:00	613
12/25/2012 16:10:00	631
12/25/2012 16:15:00	604
12/25/2012 16:20:00	576
12/25/2012 16:25:00	552
12/25/2012 16:30:00	760
12/25/2012 16:35:00	676
12/25/2012 16:40:00	602
12/25/2012 16:45:00	644
12/25/2012 16:50:00	454
12/25/2012 16:55:00	728
12/25/2012 17:00:00	654
12/25/2012 17:05:00	647
12/25/2012 17:10:00	577
12/25/2012 17:15:00	576
12/25/2012 17:20:00	759
12/25/2012 17:25:00	584
12/25/2012 17:30:00	552
12/25/2012 17:35:00	730
12/25/2012 17:40:00	576
12/25/2012 17:45:00	559
12/25/2012 17:50:00	711
12/25/2012 17:55:00	696
12/25/2012 18:00:00	685
12/25/2012 18:05:00	550
12/25/2012 18:10:00	672
12/25/2012 18:15:00	696
12/25/2012 18:20:00	684
12/25/2012 18:25:00	703
12/25/2012 18:30:00	727
12/25/2012 18:35:00	686
12/25/2012 18:40:00	689
12/25/2012 18:45:00	645
12/25/2012 18:50:00	626
12/25/2012 18:55:00	643
12/25/2012 19:00:00	650
12/25/2012 19:05:00	626
12/25/2012 19:10:00	663
12/25/2012 19:15:00	701
12/25/2012 19:20:00	636
12/25/2012 19:25:00	626
12/25/2012 19:30:00	679
12/25/2012 19:35:00	550
12/25/2012 19:40:00	689
12/25/2012 19:45:00	573
12/25/2012 19:50:00	787
12/25/2012 19:55:00	688
12/25/2012 20:00:00	634
12/25/2012 20:05:00	694
12/25/2012 20:10:00	732
12/25/2012 20:15:00	698
12/25/2012 20:20:00	705
12/25/2012 20:25:00	566
12/25/2012 20:30:00	706
12/25/2012 20:35:00	661
12/25/2012 20:40:00	600
12/25/2012 20:45:00	564
12/25/2012 20:50:00	624
12/25/2012 20:55:00	390
12/25/2012 21:00:00	533
12/25/2012 21:05:00	588
12/25/2012 21:10:00	624
12/25/2012 21:15:00	588
12/25/2012 21:20:00	612
12/25/2012 21:25:00	696
12/25/2012 21:30:00	476
12/25/2012 21:35:00	652
12/25/2012 21:40:00	460
12/25/2012 21:45:00	559
12/25/2012 21:50:00	600
12/25/2012 21:55:00	370
12/25/2012 22:00:00	565
12/25/2012 22:05:00	414
12/25/2012 22:10:00	569
12/25/2012 22:15:00	498
12/25/2012 22:20:00	605
12/25/2012 22:25:00	458
12/25/2012 22:30:00	537
12/25/2012 22:35:00	414
12/25/2012 22:40:00	445
12/25/2012 22:45:00	687
12/25/2012 22:50:00	543
12/25/2012 22:55:00	531
12/25/2012 23:00:00	500
12/25/2012 23:05:00	422
12/25/2012 23:10:00	552
12/25/2012 23:15:00	622
12/25/2012 23:20:00	552
12/25/2012 23:25:00	448
12/25/2012 23:30:00	573
12/25/2012 23:35:00	431
12/25/2012 23:40:00	542
12/25/2012 23:45:00	448
12/25/2012 23:50:00	452
12/25/2012 23:55:00	683
12/31/2012 23:35:00	566
12/31/2012 23:40:00	496
12/31/2012 23:45:00	601
12/31/2012 23:50:00	582
12/31/2012 23:55:00	577
01/01/2013 00:00:00	399
01/01/2013 00:05:00	401
01/01/2013 00:10:00	518
01/01/2013 00:15:00	402
01/01/2013 00:20:00	350
01/01/2013 00:25:00	420
01/01/2013 00:30:00	540
01/01/2013 00:35:00	499
01/01/2013 00:40:00	431
01/01/2013 00:45:00	495
01/01/2013 00:50:00	504
01/01/2013 00:55:00	457
01/01/2013 01:00:00	591
01/01/2013 01:05:00	576
01/01/2013 01:10:00	483
01/01/2013 01:15:00	644
01/01/2013 01:20:00	543
01/01/2013 01:25:00	589
01/01/2013 01:30:00	585
01/01/2013 01:35:00	477
01/01/2013 01:40:00	539
01/01/2013 01:45:00	626
01/01/2013 01:50:00	589
01/01/2013 01:55:00	600
01/01/2013 02:00:00	512
01/01/2013 02:05:00	554
01/01/2013 02:10:00	624
01/01/2013 02:15:00	537
01/01/2013 02:20:00	551
01/01/2013 02:25:00	621
01/01/2013 02:30:00	583
01/01/2013 02:35:00	458
01/01/2013 02:40:00	496
01/01/2013 02:45:00	451
01/01/2013 02:50:00	396
01/01/2013 02:55:00	378
01/01/2013 03:00:00	439
01/01/2013 03:05:00	300
01/01/2013 03:10:00	373
01/01/2013 03:15:00	446
01/01/2013 03:20:00	334
01/01/2013 03:25:00	378
01/01/2013 03:30:00	305
01/01/2013 03:35:00	278
01/01/2013 03:40:00	348
01/01/2013 03:45:00	427
01/01/2013 03:50:00	306
01/01/2013 03:55:00	232
01/01/2013 04:00:00	256
01/01/2013 04:05:00	199
01/01/2013 04:10:00	201
01/01/2013 04:15:00	303
01/01/2013 04:20:00	260
01/01/2013 04:25:00	276
01/01/2013 04:30:00	163
01/01/2013 04:35:00	166
01/01/2013 04:40:00	301
01/01/2013 04:45:00	250
01/01/2013 04:50:00	175
01/01/2013 04:55:00	199
01/01/2013 05:00:00	117
01/01/2013 05:05:00	300
01/01/2013 05:10:00	258
01/01/2013 05:15:00	203
01/01/2013 05:20:00	176
01/01/2013 05:25:00	238
01/01/2013 05:30:00	224
01/01/2013 05:35:00	184
01/01/2013 05:40:00	153
01/01/2013 05:45:00	199
01/01/2013 05:50:00	257
01/01/2013 05:55:00	262
01/01/2013 06:00:00	192
01/01/2013 06:05:00	175
01/01/2013 06:10:00	281
01/01/2013 06:15:00	228
01/01/2013 06:20:00	133
01/01/2013 06:25:00	260
01/01/2013 06:30:00	238
01/01/2013 06:35:00	169
01/01/2013 06:40:00	185
01/01/2013 06:45:00	242
01/01/2013 06:50:00	300
01/01/2013 06:55:00	234
01/01/2013 07:00:00	234
01/01/2013 07:05:00	112
01/01/2013 07:10:00	179
01/01/2013 07:15:00	229
01/01/2013 07:20:00	214
01/01/2013 07:25:00	323
01/01/2013 07:30:00	158
01/01/2013 07:35:00	165
01/01/2013 07:40:00	338
01/01/2013 07:45:00	372
01/01/2013 07:50:00	336
01/01/2013 07:55:00	695
01/01/2013 08:00:00	783
01/01/2013 08:05:00	890
01/01/2013 08:10:00	1035
01/01/2013 08:15:00	858
01/01/2013 08:20:00	977
01/01/2013 08:25:00	1044
01/01/2013 08:30:00	1006
01/01/2013 08:35:00	942
01/01/2013 08:40:00	956
01/01/2013 08:45:00	888
01/01/2013 08:50:00	786
01/01/2013 08:55:00	659
01/01/2013 09:00:00	664
01/01/2013 09:05:00	622
01/01/2013 09:10:00	656
01/01/2013 09:15:00	596
01/01/2013 09:20:00	715
01/01/2013 09:25:00	665
01/01/2013 09:30:00	610
01/01/2013 09:35:00	636
01/01/2013 09:40:00	702
01/01/2013 09:45:00	654
01/01/2013 09:50:00	684
01/01/2013 09:55:00	848
01/01/2013 10:00:00	757
01/01/2013 10:05:00	788
01/01/2013 10:10:00	861
01/01/2013 10:15:00	826
01/01/2013 10:20:00	845
01/01/2013 10:25:00	834
01/01/2013 10:30:00	880
01/01/2013 10:35:00	987
01/01/2013 10:40:00	915
01/01/2013 10:45:00	889
01/01/2013 10:50:00	938
01/01/2013 10:55:00	945
01/01/2013 11:00:00	996
01/01/2013 11:05:00	915
01/01/2013 11:10:00	1087
01/01/2013 11:15:00	1064
01/01/2013 11:20:00	960
01/01/2013 11:25:00	946
01/01/2013 11:30:00	1062
01/01/2013 11:35:00	1116
01/01/2013 11:40:00	1027
01/01/2013 11:45:00	1053
01/01/2013 11:50:00	1023
01/01/2013 11:55:00	1061
01/01/2013 12:00:00	1077
01/01/2013 12:05:00	1036
01/01/2013 12:10:00	1067
01/01/2013 12:15:00	1127
01/01/2013 12:20:00	1176
01/01/2013 12:25:00	1246
01/01/2013 12:30:00	1272
01/01/2013 12:35:00	1182
01/01/2013 12:40:00	1180
01/01/2013 12:45:00	1102
01/01/2013 12:50:00	1165
01/01/2013 12:55:00	1229
01/01/2013 13:00:00	1173
01/01/2013 13:05:00	1178
01/01/2013 13:10:00	1030
01/01/2013 13:15:00	1022
01/01/2013 13:20:00	1116
01/01/2013 13:25:00	1163
01/01/2013 13:30:00	1125
01/01/2013 13:35:00	1001
01/01/2013 13:40:00	1024
01/01/2013 13:45:00	1063
01/01/2013 13:50:00	1108
01/01/2013 13:55:00	996
01/01/2013 14:00:00	1008
01/01/2013 14:05:00	1087
01/01/2013 14:10:00	1107
01/01/2013 14:15:00	1036
01/01/2013 14:20:00	1026
01/01/2013 14:25:00	984
01/01/2013 14:30:00	996
01/01/2013 14:35:00	917
01/01/2013 14:40:00	912
01/01/2013 14:45:00	934
01/01/2013 14:50:00	863
01/01/2013 14:55:00	846
01/01/2013 15:00:00	977
01/01/2013 15:05:00	827
01/01/2013 15:10:00	852
01/01/2013 15:15:00	821
01/01/2013 15:20:00	768
01/01/2013 15:25:00	774
01/01/2013 15:30:00	810
01/01/2013 15:35:00	881
01/01/2013 15:40:00	815
01/01/2013 15:45:00	786
01/01/2013 15:50:00	695
01/01/2013 15:55:00	726
01/01/2013 16:00:00	810
01/01/2013 16:05:00	725
01/01/2013 16:10:00	726
01/01/2013 16:15:00	791
01/01/2013 16:20:00	756
01/01/2013 16:25:00	790
01/01/2013 16:30:00	738
01/01/2013 16:35:00	738
01/01/2013 16:40:00	828
01/01/2013 16:45:00	822
01/01/2013 16:50:00	713
01/01/2013 16:55:00	785
01/01/2013 17:00:00	762
01/01/2013 17:05:00	671
01/01/2013 17:10:00	730
01/01/2013 17:15:00	769
01/01/2013 17:20:00	629
01/01/2013 17:25:00	741
01/01/2013 17:30:00	764
01/01/2013 17:35:00	629
01/01/2013 17:40:00	749
01/01/2013 17:45:00	744
01/01/2013 17:50:00	786
01/01/2013 17:55:00	762
01/01/2013 18:00:00	761
01/01/2013 18:05:00	714
01/01/2013 18:10:00	732
01/01/2013 18:15:00	792
01/01/2013 18:20:00	780
01/01/2013 18:25:00	809
01/01/2013 18:30:00	922
01/01/2013 18:35:00	884
01/01/2013 18:40:00	761
01/01/2013 18:45:00	810
01/01/2013 18:50:00	852
01/01/2013 18:55:00	809
01/01/2013 19:00:00	786
01/01/2013 19:05:00	821
01/01/2013 19:10:00	898
01/01/2013 19:15:00	925
01/01/2013 19:20:00	740
01/01/2013 19:25:00	741
01/01/2013 19:30:00	828
01/01/2013 19:35:00	791
01/01/2013 19:40:00	780
01/01/2013 19:45:00	839
01/01/2013 19:50:00	710
01/01/2013 19:55:00	729
01/01/2013 20:00:00	734
01/01/2013 20:05:00	729
01/01/2013 20:10:00	636
01/01/2013 20:15:00	566
01/01/2013 20:20:00	648
01/01/2013 20:25:00	636
01/01/2013 20:30:00	684
01/01/2013 20:35:00	672
01/01/2013 20:40:00	684
01/01/2013 20:45:00	648
01/01/2013 20:50:00	732
01/01/2013 20:55:00	603
01/01/2013 21:00:00	608
01/01/2013 21:05:00	652
01/01/2013 21:10:00	619
01/01/2013 21:15:00	599
01/01/2013 21:20:00	576
01/01/2013 21:25:00	557
01/01/2013 21:30:00	546
01/01/2013 21:35:00	653
01/01/2013 21:40:00	515
01/01/2013 21:45:00	606
01/01/2013 21:50:00	672
01/01/2013 21:55:00	737
01/01/2013 22:00:00	618
01/01/2013 22:05:00	540
01/01/2013 22:10:00	719
01/01/2013 22:15:00	799
01/01/2013 22:20:00	581
01/01/2013 22:25:00	570
01/01/2013 22:30:00	575
01/01/2013 22:35:00	588
01/01/2013 22:40:00	575
01/01/2013 22:45:00	595
01/01/2013 22:50:00	557
01/01/2013 22:55:00	647
01/01/2013 23:00:00	654
01/01/2013 23:05:00	477
01/01/2013 23:10:00	488
01/01/2013 23:15:00	607
01/01/2013 23:20:00	525
01/01/2013 23:25:00	457
01/01/2013 23:30:00	427
01/01/2013 23:35:00	478
01/01/2013 23:40:00	469
01/01/2013 23:45:00	533
01/01/2013 23:50:00	582
01/01/2013 23:55:00	499
01/07/2013 23:35:00	526
01/07/2013 23:40:00	491
01/07/2013 23:45:00	575
01/07/2013 23:50:00	556
01/07/2013 23:55:00	455
01/08/2013 00:00:00	493
01/08/2013 00:05:00	409
01/08/2013 00:10:00	444
01/08/2013 00:15:00	444
01/08/2013 00:20:00	322
01/08/2013 00:25:00	338
01/08/2013 00:30:00	285
01/08/2013 00:35:00	266
01/08/2013 00:40:00	324
01/08/2013 00:45:00	387
01/08/2013 00:50:00	226
01/08/2013 00:55:00	359
01/08/2013 01:00:00	365
01/08/2013 01:05:00	230
01/08/2013 01:10:00	357
01/08/2013 01:15:00	311
01/08/2013 01:20:00	263
01/08/2013 01:25:00	242
01/08/2013 01:30:00	221
01/08/2013 01:35:00	298
01/08/2013 01:40:00	286
01/08/2013 01:45:00	290
01/08/2013 01:50:00	334
01/08/2013 01:55:00	263
01/08/2013 02:00:00	246
01/08/2013 02:05:00	224
01/08/2013 02:10:00	189
01/08/2013 02:15:00	119
01/08/2013 02:20:00	253
01/08/2013 02:25:00	208
01/08/2013 02:30:00	174
01/08/2013 02:35:00	100
01/08/2013 02:40:00	150
01/08/2013 02:45:00	221
01/08/2013 02:50:00	216
01/08/2013 02:55:00	186
01/08/2013 03:00:00	337
01/08/2013 03:05:00	229
01/08/2013 03:10:00	169
01/08/2013 03:15:00	192
01/08/2013 03:20:00	217
01/08/2013 03:25:00	119
01/08/2013 03:30:00	213
01/08/2013 03:35:00	269
01/08/2013 03:40:00	111
01/08/2013 03:45:00	87
01/08/2013 03:50:00	150
01/08/2013 03:55:00	198
01/08/2013 04:00:00	176
01/08/2013 04:05:00	172
01/08/2013 04:10:00	180
01/08/2013 04:15:00	234
01/08/2013 04:20:00	198
01/08/2013 04:25:00	149
01/08/2013 04:30:00	167
01/08/2013 04:35:00	102
01/08/2013 04:40:00	235
01/08/2013 04:45:00	246
01/08/2013 04:50:00	137
01/08/2013 04:55:00	195
01/08/2013 05:00:00	178
01/08/2013 05:05:00	299
01/08/2013 05:10:00	296
01/08/2013 05:15:00	236
01/08/2013 05:20:00	216
01/08/2013 05:25:00	214
01/08/2013 05:30:00	250
01/08/2013 05:35:00	266
01/08/2013 05:40:00	417
01/08/2013 05:45:00	380
01/08/2013 05:50:00	322
01/08/2013 05:55:00	325
01/08/2013 06:00:00	495
01/08/2013 06:05:00	427
01/08/2013 06:10:00	487
01/08/2013 06:15:00	532
01/08/2013 06:20:00	470
01/08/2013 06:25:00	474
01/08/2013 06:30:00	683
01/08/2013 06:35:00	741
01/08/2013 06:40:00	624
01/08/2013 06:45:00	809
01/08/2013 06:50:00	882
01/08/2013 06:55:00	839
01/08/2013 07:00:00	918
01/08/2013 07:05:00	1062
01/08/2013 07:10:00	1116
01/08/2013 07:15:00	1103
01/08/2013 07:20:00	1200
01/08/2013 07:25:00	1182
01/08/2013 07:30:00	1091
01/08/2013 07:35:00	1062
01/08/2013 07:40:00	1170
01/08/2013 07:45:00	1199
01/08/2013 07:50:00	1127
01/08/2013 07:55:00	951
01/08/2013 08:00:00	1050
01/08/2013 08:05:00	1026
01/08/2013 08:10:00	1092
01/08/2013 08:15:00	1032
01/08/2013 08:20:00	936
01/08/2013 08:25:00	957
01/08/2013 08:30:00	1019
01/08/2013 08:35:00	1068
01/08/2013 08:40:00	1031
01/08/2013 08:45:00	1086
01/08/2013 08:50:00	1077
01/08/2013 08:55:00	1160
01/08/2013 09:00:00	1111
01/08/2013 09:05:00	1131
01/08/2013 09:10:00	1213
01/08/2013 09:15:00	1080
01/08/2013 09:20:00	1031
01/08/2013 09:25:00	1024
01/08/2013 09:30:00	1031
01/08/2013 09:35:00	976
01/08/2013 09:40:00	1082
01/08/2013 09:45:00	1097
01/08/2013 09:50:00	1027
01/08/2013 09:55:00	1000
01/08/2013 10:00:00	1013
01/08/2013 10:05:00	1008
01/08/2013 10:10:00	1014
01/08/2013 10:15:00	1032
01/08/2013 10:20:00	1042
01/08/2013 10:25:00	1006
01/08/2013 10:30:00	985
01/08/2013 10:35:00	1062
01/08/2013 10:40:00	1001
01/08/2013 10:45:00	928
01/08/2013 10:50:00	1069
01/08/2013 10:55:00	1168
01/08/2013 11:00:00	1080
01/08/2013 11:05:00	1091
01/08/2013 11:10:00	1116
01/08/2013 11:15:00	1056
01/08/2013 11:20:00	1097
01/08/2013 11:25:00	1104
01/08/2013 11:30:00	1121
01/08/2013 11:35:00	1085
01/08/2013 11:40:00	1097
01/08/2013 11:45:00	953
01/08/2013 11:50:00	1001
01/08/2013 11:55:00	1067
01/08/2013 12:00:00	1024
01/08/2013 12:05:00	988
01/08/2013 12:10:00	992
01/08/2013 12:15:00	976
01/08/2013 12:20:00	1084
01/08/2013 12:25:00	1074
01/08/2013 12:30:00	1038
01/08/2013 12:35:00	860
01/08/2013 12:40:00	920
01/08/2013 12:45:00	1044
01/08/2013 12:50:00	1056
01/08/2013 12:55:00	972
01/08/2013 13:00:00	976
01/08/2013 13:05:00	1079
01/08/2013 13:10:00	957
01/08/2013 13:15:00	950
01/08/2013 13:20:00	1020
01/08/2013 13:25:00	1014
01/08/2013 13:30:00	1007
01/08/2013 13:35:00	937
01/08/2013 13:40:00	970
01/08/2013 13:45:00	972
01/08/2013 13:50:00	984
01/08/2013 13:55:00	960
01/08/2013 14:00:00	824
01/08/2013 14:05:00	807
01/08/2013 14:10:00	900
01/08/2013 14:15:00	896
01/08/2013 14:20:00	816
01/08/2013 14:25:00	852
01/08/2013 14:30:00	852
01/08/2013 14:35:00	840
01/08/2013 14:40:00	840
01/08/2013 14:45:00	804
01/08/2013 14:50:00	828
01/08/2013 14:55:00	764
01/08/2013 15:00:00	804
01/08/2013 15:05:00	805
01/08/2013 15:10:00	722
01/08/2013 15:15:00	874
01/08/2013 15:20:00	786
01/08/2013 15:25:00	773
01/08/2013 15:30:00	786
01/08/2013 15:35:00	773
01/08/2013 15:40:00	804
01/08/2013 15:45:00	730
01/08/2013 15:50:00	842
01/08/2013 15:55:00	873
01/08/2013 16:00:00	750
01/08/2013 16:05:00	930
01/08/2013 16:10:00	876
01/08/2013 16:15:00	876
01/08/2013 16:20:00	951
01/08/2013 16:25:00	932
01/08/2013 16:30:00	769
01/08/2013 16:35:00	821
01/08/2013 16:40:00	846
01/08/2013 16:45:00	792
01/08/2013 16:50:00	828
01/08/2013 16:55:00	839
01/08/2013 17:00:00	888
01/08/2013 17:05:00	880
01/08/2013 17:10:00	926
01/08/2013 17:15:00	914
01/08/2013 17:20:00	841
01/08/2013 17:25:00	953
01/08/2013 17:30:00	929
01/08/2013 17:35:00	958
01/08/2013 17:40:00	884
01/08/2013 17:45:00	933
01/08/2013 17:50:00	915
01/08/2013 17:55:00	903
01/08/2013 18:00:00	952
01/08/2013 18:05:00	942
01/08/2013 18:10:00	948
01/08/2013 18:15:00	1054
01/08/2013 18:20:00	1121
01/08/2013 18:25:00	1115
01/08/2013 18:30:00	1086
01/08/2013 18:35:00	1062
01/08/2013 18:40:00	1081
01/08/2013 18:45:00	1160
01/08/2013 18:50:00	1124
01/08/2013 18:55:00	1220
01/08/2013 19:00:00	1234
01/08/2013 19:05:00	1096
01/08/2013 19:10:00	1109
01/08/2013 19:15:00	1141
01/08/2013 19:20:00	1174
01/08/2013 19:25:00	1145
01/08/2013 19:30:00	1201
01/08/2013 19:35:00	1047
01/08/2013 19:40:00	965
01/08/2013 19:45:00	1032
01/08/2013 19:50:00	939
01/08/2013 19:55:00	1017
01/08/2013 20:00:00	1010
01/08/2013 20:05:00	783
01/08/2013 20:10:00	774
01/08/2013 20:15:00	965
01/08/2013 20:20:00	835
01/08/2013 20:25:00	672
01/08/2013 20:30:00	827
01/08/2013 20:35:00	948
01/08/2013 20:40:00	752
01/08/2013 20:45:00	775
01/08/2013 20:50:00	757
01/08/2013 20:55:00	810
01/08/2013 21:00:00	723
01/08/2013 21:05:00	672
01/08/2013 21:10:00	732
01/08/2013 21:15:00	744
01/08/2013 21:20:00	744
01/08/2013 21:25:00	732
01/08/2013 21:30:00	768
01/08/2013 21:35:00	792
01/08/2013 21:40:00	744
01/08/2013 21:45:00	744
01/08/2013 21:50:00	780
01/08/2013 21:55:00	732
01/08/2013 22:00:00	720
01/08/2013 22:05:00	684
01/08/2013 22:10:00	684
01/08/2013 22:15:00	696
01/08/2013 22:20:00	768
01/08/2013 22:25:00	712
01/08/2013 22:30:00	672
01/08/2013 22:35:00	655
01/08/2013 22:40:00	696
01/08/2013 22:45:00	737
01/08/2013 22:50:00	609
01/08/2013 22:55:00	607
01/08/2013 23:00:00	640
01/08/2013 23:05:00	664
01/08/2013 23:10:00	617
01/08/2013 23:15:00	553
01/08/2013 23:20:00	589
01/08/2013 23:25:00	499
01/08/2013 23:30:00	463
01/08/2013 23:35:00	543
01/08/2013 23:40:00	504
01/08/2013 23:45:00	348
01/08/2013 23:50:00	436
01/08/2013 23:55:00	470
01/14/2013 23:35:00	370
01/14/2013 23:40:00	541
01/14/2013 23:45:00	418
01/14/2013 23:50:00	624
01/14/2013 23:55:00	426
01/15/2013 00:00:00	544
01/15/2013 00:05:00	376
01/15/2013 00:10:00	503
01/15/2013 00:15:00	477
01/15/2013 00:20:00	421
01/15/2013 00:25:00	455
01/15/2013 00:30:00	426
01/15/2013 00:35:00	329
01/15/2013 00:40:00	415
01/15/2013 00:45:00	530
01/15/2013 00:50:00	519
01/15/2013 00:55:00	228
01/15/2013 01:00:00	212
01/15/2013 01:05:00	469
01/15/2013 01:10:00	414
01/15/2013 01:15:00	216
01/15/2013 01:20:00	234
01/15/2013 01:25:00	400
01/15/2013 01:30:00	182
01/15/2013 01:35:00	258
01/15/2013 01:40:00	390
01/15/2013 01:45:00	275
01/15/2013 01:50:00	234
01/15/2013 01:55:00	417
01/15/2013 02:00:00	248
01/15/2013 02:05:00	197
01/15/2013 02:10:00	191
01/15/2013 02:15:00	228
01/15/2013 02:20:00	268
01/15/2013 02:25:00	417
01/15/2013 02:30:00	204
01/15/2013 02:35:00	297
01/15/2013 02:40:00	147
01/15/2013 02:45:00	197
01/15/2013 02:50:00	448
01/15/2013 02:55:00	13
01/15/2013 03:00:00	408
01/15/2013 03:05:00	352
01/15/2013 03:10:00	190
01/15/2013 03:15:00	188
01/15/2013 03:20:00	364
01/15/2013 03:25:00	205
01/15/2013 03:30:00	219
01/15/2013 03:35:00	247
01/15/2013 03:40:00	182
01/15/2013 03:45:00	259
01/15/2013 03:50:00	338
01/15/2013 03:55:00	105
01/15/2013 04:00:00	342
01/15/2013 04:05:00	130
01/15/2013 04:10:00	130
01/15/2013 04:15:00	331
01/15/2013 04:20:00	79
01/15/2013 04:25:00	179
01/15/2013 04:30:00	180
01/15/2013 04:35:00	184
01/15/2013 04:40:00	327
01/15/2013 04:45:00	84
01/15/2013 04:50:00	150
01/15/2013 04:55:00	313
01/15/2013 05:00:00	-173
01/15/2013 05:05:00	525
01/15/2013 05:10:00	305
01/15/2013 05:15:00	38
01/15/2013 05:20:00	204
01/15/2013 05:25:00	381
01/15/2013 05:30:00	195
01/15/2013 05:35:00	240
01/15/2013 05:40:00	409
01/15/2013 05:45:00	256
01/15/2013 05:50:00	435
01/15/2013 05:55:00	273
01/15/2013 06:00:00	288
01/15/2013 06:05:00	479
01/15/2013 06:10:00	432
01/15/2013 06:15:00	484
01/15/2013 06:20:00	491
01/15/2013 06:25:00	534
01/15/2013 06:30:00	524
01/15/2013 06:35:00	708
01/15/2013 06:40:00	816
01/15/2013 06:45:00	600
01/15/2013 06:50:00	836
01/15/2013 06:55:00	882
01/15/2013 07:00:00	884
01/15/2013 07:05:00	1059
01/15/2013 07:10:00	1022
01/15/2013 07:15:00	1239
01/15/2013 07:20:00	1026
01/15/2013 07:25:00	1114
01/15/2013 07:30:00	1040
01/15/2013 07:35:00	1020
01/15/2013 07:40:00	1187
01/15/2013 07:45:00	1036
01/15/2013 07:50:00	963
01/15/2013 07:55:00	975
01/15/2013 08:00:00	1170
01/15/2013 08:05:00	1049
01/15/2013 08:10:00	1149
01/15/2013 08:15:00	927
01/15/2013 08:20:00	966
01/15/2013 08:25:00	1144
01/15/2013 08:30:00	983
01/15/2013 08:35:00	928
01/15/2013 08:40:00	1273
01/15/2013 08:45:00	1000
01/15/2013 08:50:00	1057
01/15/2013 08:55:00	1200
01/15/2013 09:00:00	1100
01/15/2013 09:05:00	1072
01/15/2013 09:10:00	1126
01/15/2013 09:15:00	1036
01/15/2013 09:20:00	1047
01/15/2013 09:25:00	1261
01/15/2013 09:30:00	1073
01/15/2013 09:35:00	996
01/15/2013 09:40:00	996
01/15/2013 09:45:00	988
01/15/2013 09:50:00	1049
01/15/2013 09:55:00	979
01/15/2013 10:00:00	1069
01/15/2013 10:05:00	1032
01/15/2013 10:10:00	827
01/15/2013 10:15:00	1085
01/15/2013 10:20:00	1215
01/15/2013 10:25:00	854
01/15/2013 10:30:00	1024
01/15/2013 10:35:00	1057
01/15/2013 10:40:00	1109
01/15/2013 10:45:00	1073
01/15/2013 10:50:00	976
01/15/2013 10:55:00	1210
01/15/2013 11:00:00	1105
01/15/2013 11:05:00	945
01/15/2013 11:10:00	1150
01/15/2013 11:15:00	1050
01/15/2013 11:20:00	1148
01/15/2013 11:25:00	1120
01/15/2013 11:30:00	1100
01/15/2013 11:35:00	889
01/15/2013 11:40:00	1042
01/15/2013 11:45:00	1042
01/15/2013 11:50:00	904
01/15/2013 11:55:00	1063
01/15/2013 12:00:00	904
01/15/2013 12:05:00	1069
01/15/2013 12:10:00	916
01/15/2013 12:15:00	885
01/15/2013 12:20:00	1064
01/15/2013 12:25:00	955
01/15/2013 12:30:00	953
01/15/2013 12:35:00	1110
01/15/2013 12:40:00	945
01/15/2013 12:45:00	937
01/15/2013 12:50:00	997
01/15/2013 12:55:00	955
01/15/2013 13:00:00	1001
01/15/2013 13:05:00	1055
01/15/2013 13:10:00	835
01/15/2013 13:15:00	1032
01/15/2013 13:20:00	1032
01/15/2013 13:25:00	851
01/15/2013 13:30:00	1010
01/15/2013 13:35:00	885
01/15/2013 13:40:00	1032
01/15/2013 13:45:00	839
01/15/2013 13:50:00	836
01/15/2013 13:55:00	962
01/15/2013 14:00:00	818
01/15/2013 14:05:00	837
01/15/2013 14:10:00	772
01/15/2013 14:15:00	655
01/15/2013 14:20:00	865
01/15/2013 14:25:00	850
01/15/2013 14:30:00	880
01/15/2013 14:35:00	672
01/15/2013 14:40:00	756
01/15/2013 14:45:00	780
01/15/2013 14:50:00	780
01/15/2013 14:55:00	792
01/15/2013 15:00:00	768
01/15/2013 15:05:00	768
01/15/2013 15:10:00	780
01/15/2013 15:15:00	840
01/15/2013 15:20:00	768
01/15/2013 15:25:00	816
01/15/2013 15:30:00	864
01/15/2013 15:35:00	850
01/15/2013 15:40:00	742
01/15/2013 15:45:00	737
01/15/2013 15:50:00	541
01/15/2013 15:55:00	953
01/15/2013 16:00:00	751
01/15/2013 16:05:00	641
01/15/2013 16:10:00	853
01/15/2013 16:15:00	842
01/15/2013 16:20:00	968
01/15/2013 16:25:00	736
01/15/2013 16:30:00	912
01/15/2013 16:35:00	864
01/15/2013 16:40:00	900
01/15/2013 16:45:00	842
01/15/2013 16:50:00	924
01/15/2013 16:55:00	921
01/15/2013 17:00:00	840
01/15/2013 17:05:00	900
01/15/2013 17:10:00	810
01/15/2013 17:15:00	1037
01/15/2013 17:20:00	868
01/15/2013 17:25:00	979
01/15/2013 17:30:00	820
01/15/2013 17:35:00	1005
01/15/2013 17:40:00	958
01/15/2013 17:45:00	949
01/15/2013 17:50:00	996
01/15/2013 17:55:00	962
01/15/2013 18:00:00	972
01/15/2013 18:05:00	967
01/15/2013 18:10:00	984
01/15/2013 18:15:00	1137
01/15/2013 18:20:00	1090
01/15/2013 18:25:00	923
01/15/2013 18:30:00	1141
01/15/2013 18:35:00	1125
01/15/2013 18:40:00	1119
01/15/2013 18:45:00	1272
01/15/2013 18:50:00	969
01/15/2013 18:55:00	1083
01/15/2013 19:00:00	1118
01/15/2013 19:05:00	1163
01/15/2013 19:10:00	1126
01/15/2013 19:15:00	1099
01/15/2013 19:20:00	1215
01/15/2013 19:25:00	1137
01/15/2013 19:30:00	1114
01/15/2013 19:35:00	864
01/15/2013 19:40:00	1106
01/15/2013 19:45:00	1100
01/15/2013 19:50:00	911
01/15/2013 19:55:00	1115
01/15/2013 20:00:00	888
01/15/2013 20:05:00	898
01/15/2013 20:10:00	899
01/15/2013 20:15:00	926
01/15/2013 20:20:00	753
01/15/2013 20:25:00	901
01/15/2013 20:30:00	828
01/15/2013 20:35:00	851
01/15/2013 20:40:00	886
01/15/2013 20:45:00	853
01/15/2013 20:50:00	707
01/15/2013 20:55:00	840
01/15/2013 21:00:00	672
01/15/2013 21:05:00	744
01/15/2013 21:10:00	684
01/15/2013 21:15:00	756
01/15/2013 21:20:00	816
01/15/2013 21:25:00	732
01/15/2013 21:30:00	756
01/15/2013 21:35:00	732
01/15/2013 21:40:00	720
01/15/2013 21:45:00	744
01/15/2013 21:50:00	828
01/15/2013 21:55:00	804
01/15/2013 22:00:00	735
01/15/2013 22:05:00	488
01/15/2013 22:10:00	840
01/15/2013 22:15:00	832
01/15/2013 22:20:00	667
01/15/2013 22:25:00	833
01/15/2013 22:30:00	594
01/15/2013 22:35:00	834
01/15/2013 22:40:00	599
01/15/2013 22:45:00	672
01/15/2013 22:50:00	660
01/15/2013 22:55:00	672
01/15/2013 23:00:00	726
01/15/2013 23:05:00	569
01/15/2013 23:10:00	822
01/15/2013 23:15:00	574
01/15/2013 23:20:00	565
01/15/2013 23:25:00	564
01/15/2013 23:30:00	586
01/15/2013 23:35:00	490
01/15/2013 23:40:00	351
01/15/2013 23:45:00	573
01/15/2013 23:50:00	373
01/15/2013 23:55:00	467
01/21/2013 23:35:00	355
01/21/2013 23:40:00	639
01/21/2013 23:45:00	440
01/21/2013 23:50:00	372
01/21/2013 23:55:00	638
01/22/2013 00:00:00	512
01/22/2013 00:05:00	376
01/22/2013 00:10:00	295
01/22/2013 00:15:00	459
01/22/2013 00:20:00	401
01/22/2013 00:25:00	371
01/22/2013 00:30:00	373
01/22/2013 00:35:00	339
01/22/2013 00:40:00	335
01/22/2013 00:45:00	350
01/22/2013 00:50:00	326
01/22/2013 00:55:00	441
01/22/2013 01:00:00	330
01/22/2013 01:05:00	220
01/22/2013 01:10:00	249
01/22/2013 01:15:00	300
01/22/2013 01:20:00	455
01/22/2013 01:25:00	278
01/22/2013 01:30:00	239
01/22/2013 01:35:00	232
01/22/2013 01:40:00	271
01/22/2013 01:45:00	208
01/22/2013 01:50:00	273
01/22/2013 01:55:00	376
01/22/2013 02:00:00	294
01/22/2013 02:05:00	195
01/22/2013 02:10:00	225
01/22/2013 02:15:00	442
01/22/2013 02:20:00	242
01/22/2013 02:25:00	216
01/22/2013 02:30:00	169
01/22/2013 02:35:00	236
01/22/2013 02:40:00	351
01/22/2013 02:45:00	193
01/22/2013 02:50:00	225
01/22/2013 02:55:00	190
01/22/2013 03:00:00	199
01/22/2013 03:05:00	180
01/22/2013 03:10:00	358
01/22/2013 03:15:00	296
01/22/2013 03:20:00	242
01/22/2013 03:25:00	129
01/22/2013 03:30:00	221
01/22/2013 03:35:00	216
01/22/2013 03:40:00	252
01/22/2013 03:45:00	374
01/22/2013 03:50:00	308
01/22/2013 03:55:00	152
01/22/2013 04:00:00	245
01/22/2013 04:05:00	439
01/22/2013 04:10:00	311
01/22/2013 04:15:00	269
01/22/2013 04:20:00	147
01/22/2013 04:25:00	258
01/22/2013 04:30:00	240
01/22/2013 04:35:00	300
01/22/2013 04:40:00	366
01/22/2013 04:45:00	12
01/22/2013 04:50:00	375
01/22/2013 04:55:00	218
01/22/2013 05:00:00	357
01/22/2013 05:05:00	77
01/22/2013 05:10:00	224
01/22/2013 05:15:00	439
01/22/2013 05:20:00	267
01/22/2013 05:25:00	239
01/22/2013 05:30:00	245
01/22/2013 05:35:00	251
01/22/2013 05:40:00	311
01/22/2013 05:45:00	335
01/22/2013 05:50:00	288
01/22/2013 05:55:00	302
01/22/2013 06:00:00	311
01/22/2013 06:05:00	487
01/22/2013 06:10:00	341
01/22/2013 06:15:00	626
01/22/2013 06:20:00	600
01/22/2013 06:25:00	328
01/22/2013 06:30:00	696
01/22/2013 06:35:00	521
01/22/2013 06:40:00	865
01/22/2013 06:45:00	593
01/22/2013 06:50:00	857
01/22/2013 06:55:00	918
01/22/2013 07:00:00	1061
01/22/2013 07:05:00	1069
01/22/2013 07:10:00	917
01/22/2013 07:15:00	1145
01/22/2013 07:20:00	1056
01/22/2013 07:25:00	1262
01/22/2013 07:30:00	908
01/22/2013 07:35:00	1059
01/22/2013 07:40:00	1006
01/22/2013 07:45:00	1008
01/22/2013 07:50:00	1204
01/22/2013 07:55:00	918
01/22/2013 08:00:00	1131
01/22/2013 08:05:00	1001
01/22/2013 08:10:00	1239
01/22/2013 08:15:00	1017
01/22/2013 08:20:00	889
01/22/2013 08:25:00	1128
01/22/2013 08:30:00	1093
01/22/2013 08:35:00	990
01/22/2013 08:40:00	972
01/22/2013 08:45:00	1007
01/22/2013 08:50:00	1215
01/22/2013 08:55:00	1039
01/22/2013 09:00:00	1057
01/22/2013 09:05:00	1021
01/22/2013 09:10:00	1066
01/22/2013 09:15:00	1056
01/22/2013 09:20:00	1239
01/22/2013 09:25:00	1074
01/22/2013 09:30:00	1091
01/22/2013 09:35:00	1056
01/22/2013 09:40:00	1032
01/22/2013 09:45:00	1044
01/22/2013 09:50:00	1032
01/22/2013 09:55:00	1259
01/22/2013 10:00:00	1137
01/22/2013 10:05:00	876
01/22/2013 10:10:00	1103
01/22/2013 10:15:00	1116
01/22/2013 10:20:00	1031
01/22/2013 10:25:00	1021
01/22/2013 10:30:00	1019
01/22/2013 10:35:00	1015
01/22/2013 10:40:00	1067
01/22/2013 10:45:00	875
01/22/2013 10:50:00	1019
01/22/2013 10:55:00	1023
01/22/2013 11:00:00	1078
01/22/2013 11:05:00	972
01/22/2013 11:10:00	1028
01/22/2013 11:15:00	1008
01/22/2013 11:20:00	1020
01/22/2013 11:25:00	987
01/22/2013 11:30:00	1043
01/22/2013 11:35:00	1028
01/22/2013 11:40:00	865
01/22/2013 11:45:00	1028
01/22/2013 11:50:00	1112
01/22/2013 11:55:00	1035
01/22/2013 12:00:00	913
01/22/2013 12:05:00	1051
01/22/2013 12:10:00	1036
01/22/2013 12:15:00	887
01/22/2013 12:20:00	1097
01/22/2013 12:25:00	906
01/22/2013 12:30:00	1050
01/22/2013 12:35:00	952
01/22/2013 12:40:00	1074
01/22/2013 12:45:00	995
01/22/2013 12:50:00	1008
01/22/2013 12:55:00	882
01/22/2013 13:00:00	1124
01/22/2013 13:05:00	927
01/22/2013 13:10:00	900
01/22/2013 13:15:00	900
01/22/2013 13:20:00	911
01/22/2013 13:25:00	1004
01/22/2013 13:30:00	742
01/22/2013 13:35:00	941
01/22/2013 13:40:00	978
01/22/2013 13:45:00	823
01/22/2013 13:50:00	795
01/22/2013 13:55:00	999
01/22/2013 14:00:00	809
01/22/2013 14:05:00	780
01/22/2013 14:10:00	830
01/22/2013 14:15:00	850
01/22/2013 14:20:00	876
01/22/2013 14:25:00	838
01/22/2013 14:30:00	668
01/22/2013 14:35:00	868
01/22/2013 14:40:00	679
01/22/2013 14:45:00	732
01/22/2013 14:50:00	780
01/22/2013 14:55:00	769
01/22/2013 15:00:00	754
01/22/2013 15:05:00	768
01/22/2013 15:10:00	909
01/22/2013 15:15:00	770
01/22/2013 15:20:00	768
01/22/2013 15:25:00	804
01/22/2013 15:30:00	840
01/22/2013 15:35:00	633
01/22/2013 15:40:00	818
01/22/2013 15:45:00	792
01/22/2013 15:50:00	876
01/22/2013 15:55:00	840
01/22/2013 16:00:00	828
01/22/2013 16:05:00	938
01/22/2013 16:10:00	741
01/22/2013 16:15:00	866
01/22/2013 16:20:00	921
01/22/2013 16:25:00	695
01/22/2013 16:30:00	888
01/22/2013 16:35:00	900
01/22/2013 16:40:00	865
01/22/2013 16:45:00	885
01/22/2013 16:50:00	865
01/22/2013 16:55:00	1021
01/22/2013 17:00:00	899
01/22/2013 17:05:00	838
01/22/2013 17:10:00	1021
01/22/2013 17:15:00	791
01/22/2013 17:20:00	899
01/22/2013 17:25:00	996
01/22/2013 17:30:00	821
01/22/2013 17:35:00	936
01/22/2013 17:40:00	970
01/22/2013 17:45:00	929
01/22/2013 17:50:00	900
01/22/2013 17:55:00	931
01/22/2013 18:00:00	1045
01/22/2013 18:05:00	1038
01/22/2013 18:10:00	878
01/22/2013 18:15:00	1047
01/22/2013 18:20:00	1061
01/22/2013 18:25:00	896
01/22/2013 18:30:00	1042
01/22/2013 18:35:00	1208
01/22/2013 18:40:00	1074
01/22/2013 18:45:00	1026
01/22/2013 18:50:00	1084
01/22/2013 18:55:00	1267
01/22/2013 19:00:00	1089
01/22/2013 19:05:00	1040
01/22/2013 19:10:00	1184
01/22/2013 19:15:00	979
01/22/2013 19:20:00	1051
01/22/2013 19:25:00	1184
01/22/2013 19:30:00	895
01/22/2013 19:35:00	1195
01/22/2013 19:40:00	1056
01/22/2013 19:45:00	887
01/22/2013 19:50:00	930
01/22/2013 19:55:00	932
01/22/2013 20:00:00	1120
01/22/2013 20:05:00	882
01/22/2013 20:10:00	700
01/22/2013 20:15:00	870
01/22/2013 20:20:00	914
01/22/2013 20:25:00	907
01/22/2013 20:30:00	797
01/22/2013 20:35:00	886
01/22/2013 20:40:00	879
01/22/2013 20:45:00	889
01/22/2013 20:50:00	688
01/22/2013 20:55:00	871
01/22/2013 21:00:00	760
01/22/2013 21:05:00	732
01/22/2013 21:10:00	684
01/22/2013 21:15:00	756
01/22/2013 21:20:00	756
01/22/2013 21:25:00	780
01/22/2013 21:30:00	732
01/22/2013 21:35:00	720
01/22/2013 21:40:00	538
01/22/2013 21:45:00	745
01/22/2013 21:50:00	780
01/22/2013 21:55:00	756
01/22/2013 22:00:00	684
01/22/2013 22:05:00	696
01/22/2013 22:10:00	584
01/22/2013 22:15:00	771
01/22/2013 22:20:00	712
01/22/2013 22:25:00	811
01/22/2013 22:30:00	653
01/22/2013 22:35:00	846
01/22/2013 22:40:00	667
01/22/2013 22:45:00	658
01/22/2013 22:50:00	649
01/22/2013 22:55:00	684
01/22/2013 23:00:00	733
01/22/2013 23:05:00	578
01/22/2013 23:10:00	540
01/22/2013 23:15:00	799
01/22/2013 23:20:00	584
01/22/2013 23:25:00	550
01/22/2013 23:30:00	603
01/22/2013 23:35:00	615
01/22/2013 23:40:00	414
01/22/2013 23:45:00	589
01/22/2013 23:50:00	506
01/22/2013 23:55:00	504
01/28/2013 23:35:00	476
01/28/2013 23:40:00	439
01/28/2013 23:45:00	501
01/28/2013 23:50:00	419
01/28/2013 23:55:00	426
01/29/2013 00:00:00	429
01/29/2013 00:05:00	489
01/29/2013 00:10:00	435
01/29/2013 00:15:00	269
01/29/2013 00:20:00	284
01/29/2013 00:25:00	386
01/29/2013 00:30:00	367
01/29/2013 00:35:00	286
01/29/2013 00:40:00	311
01/29/2013 00:45:00	307
01/29/2013 00:50:00	245
01/29/2013 00:55:00	293
01/29/2013 01:00:00	252
01/29/2013 01:05:00	296
01/29/2013 01:10:00	285
01/29/2013 01:15:00	194
01/29/2013 01:20:00	333
01/29/2013 01:25:00	162
01/29/2013 01:30:00	230
01/29/2013 01:35:00	221
01/29/2013 01:40:00	220
01/29/2013 01:45:00	176
01/29/2013 01:50:00	211
01/29/2013 01:55:00	284
01/29/2013 02:00:00	290
01/29/2013 02:05:00	144
01/29/2013 02:10:00	183
01/29/2013 02:15:00	152
01/29/2013 02:20:00	183
01/29/2013 02:25:00	321
01/29/2013 02:30:00	237
01/29/2013 02:35:00	227
01/29/2013 02:40:00	220
01/29/2013 02:45:00	148
01/29/2013 02:50:00	118
01/29/2013 02:55:00	179
01/29/2013 03:00:00	228
01/29/2013 03:05:00	128
01/29/2013 03:10:00	214
01/29/2013 03:15:00	162
01/29/2013 03:20:00	140
01/29/2013 03:25:00	254
01/29/2013 03:30:00	303
01/29/2013 03:35:00	258
01/29/2013 03:40:00	181
01/29/2013 03:45:00	344
01/29/2013 03:50:00	219
01/29/2013 03:55:00	189
01/29/2013 04:00:00	381
01/29/2013 04:05:00	272
01/29/2013 04:10:00	259
01/29/2013 04:15:00	256
01/29/2013 04:20:00	288
01/29/2013 04:25:00	182
01/29/2013 04:30:00	203
01/29/2013 04:35:00	285
01/29/2013 04:40:00	234
01/29/2013 04:45:00	215
01/29/2013 04:50:00	219
01/29/2013 04:55:00	248
01/29/2013 05:00:00	320
01/29/2013 05:05:00	287
01/29/2013 05:10:00	210
01/29/2013 05:15:00	212
01/29/2013 05:20:00	234
01/29/2013 05:25:00	331
01/29/2013 05:30:00	228
01/29/2013 05:35:00	275
01/29/2013 05:40:00	375
01/29/2013 05:45:00	308
01/29/2013 05:50:00	228
01/29/2013 05:55:00	271
01/29/2013 06:00:00	431
01/29/2013 06:05:00	312
01/29/2013 06:10:00	339
01/29/2013 06:15:00	519
01/29/2013 06:20:00	436
01/29/2013 06:25:00	460
01/29/2013 06:30:00	550
01/29/2013 06:35:00	595
01/29/2013 06:40:00	636
01/29/2013 06:45:00	702
01/29/2013 06:50:00	852
01/29/2013 06:55:00	798
01/29/2013 07:00:00	966
01/29/2013 07:05:00	1032
01/29/2013 07:10:00	1044
01/29/2013 07:15:00	988
01/29/2013 07:20:00	1188
01/29/2013 07:25:00	1049
01/29/2013 07:30:00	1140
01/29/2013 07:35:00	1118
01/29/2013 07:40:00	1053
01/29/2013 07:45:00	1026
01/29/2013 07:50:00	1006
01/29/2013 07:55:00	1176
01/29/2013 08:00:00	881
01/29/2013 08:05:00	1040
01/29/2013 08:10:00	991
01/29/2013 08:15:00	1074
01/29/2013 08:20:00	996
01/29/2013 08:25:00	963
01/29/2013 08:30:00	944
01/29/2013 08:35:00	960
01/29/2013 08:40:00	996
01/29/2013 08:45:00	1116
01/29/2013 08:50:00	1076
01/29/2013 08:55:00	1051
01/29/2013 09:00:00	1035
01/29/2013 09:05:00	1016
01/29/2013 09:10:00	1187
01/29/2013 09:15:00	1089
01/29/2013 09:20:00	1084
01/29/2013 09:25:00	991
01/29/2013 09:30:00	1151
01/29/2013 09:35:00	1022
01/29/2013 09:40:00	978
01/29/2013 09:45:00	929
01/29/2013 09:50:00	936
01/29/2013 09:55:00	1063
01/29/2013 10:00:00	1138
01/29/2013 10:05:00	950
01/29/2013 10:10:00	1055
01/29/2013 10:15:00	1049
01/29/2013 10:20:00	977
01/29/2013 10:25:00	796
01/29/2013 10:30:00	920
01/29/2013 10:35:00	1022
01/29/2013 10:40:00	959
01/29/2013 10:45:00	984
01/29/2013 10:50:00	932
01/29/2013 10:55:00	977
01/29/2013 11:00:00	944
01/29/2013 11:05:00	1099
01/29/2013 11:10:00	1052
01/29/2013 11:15:00	992
01/29/2013 11:20:00	1094
01/29/2013 11:25:00	1006
01/29/2013 11:30:00	974
01/29/2013 11:35:00	993
01/29/2013 11:40:00	1141
01/29/2013 11:45:00	922
01/29/2013 11:50:00	972
01/29/2013 11:55:00	1052
01/29/2013 12:00:00	1069
01/29/2013 12:05:00	974
01/29/2013 12:10:00	981
01/29/2013 12:15:00	974
01/29/2013 12:20:00	1076
01/29/2013 12:25:00	1004
01/29/2013 12:30:00	919
01/29/2013 12:35:00	1061
01/29/2013 12:40:00	1086
01/29/2013 12:45:00	960
01/29/2013 12:50:00	948
01/29/2013 12:55:00	972
01/29/2013 13:00:00	982
01/29/2013 13:05:00	1092
01/29/2013 13:10:00	1012
01/29/2013 13:15:00	843
01/29/2013 13:20:00	911
01/29/2013 13:25:00	945
01/29/2013 13:30:00	898
01/29/2013 13:35:00	921
01/29/2013 13:40:00	816
01/29/2013 13:45:00	787
01/29/2013 13:50:00	912
01/29/2013 13:55:00	906
01/29/2013 14:00:00	768
01/29/2013 14:05:00	816
01/29/2013 14:10:00	861
01/29/2013 14:15:00	864
01/29/2013 14:20:00	876
01/29/2013 14:25:00	912
01/29/2013 14:30:00	783
01/29/2013 14:35:00	846
01/29/2013 14:40:00	789
01/29/2013 14:45:00	820
01/29/2013 14:50:00	767
01/29/2013 14:55:00	743
01/29/2013 15:00:00	813
01/29/2013 15:05:00	847
01/29/2013 15:10:00	816
01/29/2013 15:15:00	816
01/29/2013 15:20:00	804
01/29/2013 15:25:00	852
01/29/2013 15:30:00	784
01/29/2013 15:35:00	799
01/29/2013 15:40:00	828
01/29/2013 15:45:00	792
01/29/2013 15:50:00	840
01/29/2013 15:55:00	804
01/29/2013 16:00:00	796
01/29/2013 16:05:00	823
01/29/2013 16:10:00	756
01/29/2013 16:15:00	835
01/29/2013 16:20:00	907
01/29/2013 16:25:00	789
01/29/2013 16:30:00	810
01/29/2013 16:35:00	888
01/29/2013 16:40:00	890
01/29/2013 16:45:00	856
01/29/2013 16:50:00	868
01/29/2013 16:55:00	866
01/29/2013 17:00:00	825
01/29/2013 17:05:00	872
01/29/2013 17:10:00	820
01/29/2013 17:15:00	938
01/29/2013 17:20:00	871
01/29/2013 17:25:00	892
01/29/2013 17:30:00	1027
01/29/2013 17:35:00	858
01/29/2013 17:40:00	882
01/29/2013 17:45:00	998
01/29/2013 17:50:00	844
01/29/2013 17:55:00	917
01/29/2013 18:00:00	1064
01/29/2013 18:05:00	1021
01/29/2013 18:10:00	975
01/29/2013 18:15:00	1048
01/29/2013 18:20:00	1104
01/29/2013 18:25:00	975
01/29/2013 18:30:00	1017
01/29/2013 18:35:00	1117
01/29/2013 18:40:00	1129
01/29/2013 18:45:00	1082
01/29/2013 18:50:00	1080
01/29/2013 18:55:00	1076
01/29/2013 19:00:00	1026
01/29/2013 19:05:00	1113
01/29/2013 19:10:00	1005
01/29/2013 19:15:00	985
01/29/2013 19:20:00	1070
01/29/2013 19:25:00	947
01/29/2013 19:30:00	989
01/29/2013 19:35:00	1026
01/29/2013 19:40:00	879
01/29/2013 19:45:00	944
01/29/2013 19:50:00	1064
01/29/2013 19:55:00	911
01/29/2013 20:00:00	757
01/29/2013 20:05:00	776
01/29/2013 20:10:00	826
01/29/2013 20:15:00	741
01/29/2013 20:20:00	672
01/29/2013 20:25:00	828
01/29/2013 20:30:00	794
01/29/2013 20:35:00	683
01/29/2013 20:40:00	666
01/29/2013 20:45:00	642
01/29/2013 20:50:00	540
01/29/2013 20:55:00	670
01/29/2013 21:00:00	673
01/29/2013 21:05:00	660
01/29/2013 21:10:00	684
01/29/2013 21:15:00	732
01/29/2013 21:20:00	619
01/29/2013 21:25:00	700
01/29/2013 21:30:00	756
01/29/2013 21:35:00	768
01/29/2013 21:40:00	708
01/29/2013 21:45:00	780
01/29/2013 21:50:00	768
01/29/2013 21:55:00	674
01/29/2013 22:00:00	729
01/29/2013 22:05:00	686
01/29/2013 22:10:00	600
01/29/2013 22:15:00	717
01/29/2013 22:20:00	710
01/29/2013 22:25:00	801
01/29/2013 22:30:00	721
01/29/2013 22:35:00	661
01/29/2013 22:40:00	648
01/29/2013 22:45:00	623
01/29/2013 22:50:00	678
01/29/2013 22:55:00	702
01/29/2013 23:00:00	754
01/29/2013 23:05:00	645
01/29/2013 23:10:00	606
01/29/2013 23:15:00	670
01/29/2013 23:20:00	621
01/29/2013 23:25:00	530
01/29/2013 23:30:00	522
01/29/2013 23:35:00	413
01/29/2013 23:40:00	438
01/29/2013 23:45:00	456
01/29/2013 23:50:00	388
01/29/2013 23:55:00	432
02/04/2013 23:35:00	604
02/04/2013 23:40:00	487
02/04/2013 23:45:00	434
02/04/2013 23:50:00	436
02/04/2013 23:55:00	439
02/05/2013 00:00:00	470
02/05/2013 00:05:00	414
02/05/2013 00:10:00	291
02/05/2013 00:15:00	341
02/05/2013 00:20:00	481
02/05/2013 00:25:00	387
02/05/2013 00:30:00	311
02/05/2013 00:35:00	234
02/05/2013 00:40:00	295
02/05/2013 00:45:00	271
02/05/2013 00:50:00	437
02/05/2013 00:55:00	321
02/05/2013 01:00:00	355
02/05/2013 01:05:00	124
02/05/2013 01:10:00	451
02/05/2013 01:15:00	314
02/05/2013 01:20:00	327
02/05/2013 01:25:00	305
02/05/2013 01:30:00	386
02/05/2013 01:35:00	73
02/05/2013 01:40:00	381
02/05/2013 01:45:00	295
02/05/2013 01:50:00	292
02/05/2013 01:55:00	241
02/05/2013 02:00:00	214
02/05/2013 02:05:00	244
02/05/2013 02:10:00	166
02/05/2013 02:15:00	255
02/05/2013 02:20:00	194
02/05/2013 02:25:00	342
02/05/2013 02:30:00	274
02/05/2013 02:35:00	231
02/05/2013 02:40:00	282
02/05/2013 02:45:00	224
02/05/2013 02:50:00	180
02/05/2013 02:55:00	234
02/05/2013 03:00:00	451
02/05/2013 03:05:00	-26
02/05/2013 03:10:00	428
02/05/2013 03:15:00	203
02/05/2013 03:20:00	180
02/05/2013 03:25:00	202
02/05/2013 03:30:00	157
02/05/2013 03:35:00	240
02/05/2013 03:40:00	216
02/05/2013 03:45:00	256
02/05/2013 03:50:00	446
02/05/2013 03:55:00	-14
02/05/2013 04:00:00	301
02/05/2013 04:05:00	424
02/05/2013 04:10:00	-9
02/05/2013 04:15:00	382
02/05/2013 04:20:00	135
02/05/2013 04:25:00	260
02/05/2013 04:30:00	231
02/05/2013 04:35:00	287
02/05/2013 04:40:00	260
02/05/2013 04:45:00	231
02/05/2013 04:50:00	213
02/05/2013 04:55:00	236
02/05/2013 05:00:00	284
02/05/2013 05:05:00	205
02/05/2013 05:10:00	224
02/05/2013 05:15:00	353
02/05/2013 05:20:00	217
02/05/2013 05:25:00	238
02/05/2013 05:30:00	217
02/05/2013 05:35:00	238
02/05/2013 05:40:00	253
02/05/2013 05:45:00	276
02/05/2013 05:50:00	286
02/05/2013 05:55:00	276
02/05/2013 06:00:00	322
02/05/2013 06:05:00	544
02/05/2013 06:10:00	403
02/05/2013 06:15:00	469
02/05/2013 06:20:00	487
02/05/2013 06:25:00	577
02/05/2013 06:30:00	310
02/05/2013 06:35:00	780
02/05/2013 06:40:00	696
02/05/2013 06:45:00	697
02/05/2013 06:50:00	692
02/05/2013 06:55:00	836
02/05/2013 07:00:00	970
02/05/2013 07:05:00	1131
02/05/2013 07:10:00	966
02/05/2013 07:15:00	1092
02/05/2013 07:20:00	1142
02/05/2013 07:25:00	1195
02/05/2013 07:30:00	1251
02/05/2013 07:35:00	1088
02/05/2013 07:40:00	1201
02/05/2013 07:45:00	1220
02/05/2013 07:50:00	1093
02/05/2013 07:55:00	1090
02/05/2013 08:00:00	1008
02/05/2013 08:05:00	1014
02/05/2013 08:10:00	1156
02/05/2013 08:15:00	970
02/05/2013 08:20:00	978
02/05/2013 08:25:00	1107
02/05/2013 08:30:00	929
02/05/2013 08:35:00	1099
02/05/2013 08:40:00	981
02/05/2013 08:45:00	920
02/05/2013 08:50:00	1181
02/05/2013 08:55:00	1008
02/05/2013 09:00:00	1056
02/05/2013 09:05:00	1036
02/05/2013 09:10:00	1229
02/05/2013 09:15:00	1044
02/05/2013 09:20:00	1046
02/05/2013 09:25:00	1253
02/05/2013 09:30:00	1008
02/05/2013 09:35:00	1084
02/05/2013 09:40:00	1229
02/05/2013 09:45:00	1020
02/05/2013 09:50:00	1020
02/05/2013 09:55:00	1035
02/05/2013 10:00:00	1149
02/05/2013 10:05:00	1034
02/05/2013 10:10:00	1103
02/05/2013 10:15:00	1113
02/05/2013 10:20:00	1064
02/05/2013 10:25:00	924
02/05/2013 10:30:00	1080
02/05/2013 10:35:00	1091
02/05/2013 10:40:00	1056
02/05/2013 10:45:00	1019
02/05/2013 10:50:00	1056
02/05/2013 10:55:00	1018
02/05/2013 11:00:00	1091
02/05/2013 11:05:00	1080
02/05/2013 11:10:00	1063
02/05/2013 11:15:00	878
02/05/2013 11:20:00	1043
02/05/2013 11:25:00	1171
02/05/2013 11:30:00	889
02/05/2013 11:35:00	1067
02/05/2013 11:40:00	1044
02/05/2013 11:45:00	1113
02/05/2013 11:50:00	1056
02/05/2013 11:55:00	1101
02/05/2013 12:00:00	1140
02/05/2013 12:05:00	948
02/05/2013 12:10:00	1116
02/05/2013 12:15:00	1104
02/05/2013 12:20:00	958
02/05/2013 12:25:00	1115
02/05/2013 12:30:00	1235
02/05/2013 12:35:00	901
02/05/2013 12:40:00	1115
02/05/2013 12:45:00	972
02/05/2013 12:50:00	1173
02/05/2013 12:55:00	997
02/05/2013 13:00:00	1067
02/05/2013 13:05:00	900
02/05/2013 13:10:00	994
02/05/2013 13:15:00	1197
02/05/2013 13:20:00	772
02/05/2013 13:25:00	1182
02/05/2013 13:30:00	950
02/05/2013 13:35:00	722
02/05/2013 13:40:00	826
02/05/2013 13:45:00	982
02/05/2013 13:50:00	795
02/05/2013 13:55:00	1016
02/05/2013 14:00:00	819
02/05/2013 14:05:00	792
02/05/2013 14:10:00	1016
02/05/2013 14:15:00	819
02/05/2013 14:20:00	851
02/05/2013 14:25:00	912
02/05/2013 14:30:00	899
02/05/2013 14:35:00	676
02/05/2013 14:40:00	883
02/05/2013 14:45:00	923
02/05/2013 14:50:00	688
02/05/2013 14:55:00	918
02/05/2013 15:00:00	749
02/05/2013 15:05:00	895
02/05/2013 15:10:00	736
02/05/2013 15:15:00	989
02/05/2013 15:20:00	726
02/05/2013 15:25:00	755
02/05/2013 15:30:00	828
02/05/2013 15:35:00	1004
02/05/2013 15:40:00	596
02/05/2013 15:45:00	891
02/05/2013 15:50:00	700
02/05/2013 15:55:00	907
02/05/2013 16:00:00	888
02/05/2013 16:05:00	724
02/05/2013 16:10:00	870
02/05/2013 16:15:00	665
02/05/2013 16:20:00	882
02/05/2013 16:25:00	864
02/05/2013 16:30:00	875
02/05/2013 16:35:00	840
02/05/2013 16:40:00	852
02/05/2013 16:45:00	852
02/05/2013 16:50:00	1026
02/05/2013 16:55:00	832
02/05/2013 17:00:00	852
02/05/2013 17:05:00	1002
02/05/2013 17:10:00	833
02/05/2013 17:15:00	1073
02/05/2013 17:20:00	821
02/05/2013 17:25:00	1036
02/05/2013 17:30:00	995
02/05/2013 17:35:00	948
02/05/2013 17:40:00	935
02/05/2013 17:45:00	960
02/05/2013 17:50:00	994
02/05/2013 17:55:00	1109
02/05/2013 18:00:00	893
02/05/2013 18:05:00	1120
02/05/2013 18:10:00	943
02/05/2013 18:15:00	1130
02/05/2013 18:20:00	1082
02/05/2013 18:25:00	1103
02/05/2013 18:30:00	1091
02/05/2013 18:35:00	1092
02/05/2013 18:40:00	1275
02/05/2013 18:45:00	1135
02/05/2013 18:50:00	1111
02/05/2013 18:55:00	1033
02/05/2013 19:00:00	1275
02/05/2013 19:05:00	1134
02/05/2013 19:10:00	1229
02/05/2013 19:15:00	1005
02/05/2013 19:20:00	1063
02/05/2013 19:25:00	1151
02/05/2013 19:30:00	1058
02/05/2013 19:35:00	862
02/05/2013 19:40:00	1116
02/05/2013 19:45:00	921
02/05/2013 19:50:00	1121
02/05/2013 19:55:00	933
02/05/2013 20:00:00	935
02/05/2013 20:05:00	923
02/05/2013 20:10:00	889
02/05/2013 20:15:00	1065
02/05/2013 20:20:00	730
02/05/2013 20:25:00	754
02/05/2013 20:30:00	792
02/05/2013 20:35:00	909
02/05/2013 20:40:00	936
02/05/2013 20:45:00	755
02/05/2013 20:50:00	756
02/05/2013 20:55:00	816
02/05/2013 21:00:00	744
02/05/2013 21:05:00	756
02/05/2013 21:10:00	792
02/05/2013 21:15:00	804
02/05/2013 21:20:00	804
02/05/2013 21:25:00	828
02/05/2013 21:30:00	840
02/05/2013 21:35:00	804
02/05/2013 21:40:00	792
02/05/2013 21:45:00	720
02/05/2013 21:50:00	768
02/05/2013 21:55:00	720
02/05/2013 22:00:00	636
02/05/2013 22:05:00	732
02/05/2013 22:10:00	646
02/05/2013 22:15:00	889
02/05/2013 22:20:00	778
02/05/2013 22:25:00	853
02/05/2013 22:30:00	672
02/05/2013 22:35:00	827
02/05/2013 22:40:00	588
02/05/2013 22:45:00	682
02/05/2013 22:50:00	660
02/05/2013 22:55:00	779
02/05/2013 23:00:00	780
02/05/2013 23:05:00	815
02/05/2013 23:10:00	588
02/05/2013 23:15:00	589
02/05/2013 23:20:00	574
02/05/2013 23:25:00	624
02/05/2013 23:30:00	648
02/05/2013 23:35:00	638
02/05/2013 23:40:00	638
02/05/2013 23:45:00	476
02/05/2013 23:50:00	506
02/05/2013 23:55:00	551
02/11/2013 23:35:00	539
02/11/2013 23:40:00	646
02/11/2013 23:45:00	495
02/11/2013 23:50:00	495
02/11/2013 23:55:00	524
02/12/2013 00:00:00	564
02/12/2013 00:05:00	551
02/12/2013 00:10:00	400
02/12/2013 00:15:00	587
02/12/2013 00:20:00	424
02/12/2013 00:25:00	365
02/12/2013 00:30:00	416
02/12/2013 00:35:00	382
02/12/2013 00:40:00	377
02/12/2013 00:45:00	320
02/12/2013 00:50:00	373
02/12/2013 00:55:00	502
02/12/2013 01:00:00	321
02/12/2013 01:05:00	342
02/12/2013 01:10:00	372
02/12/2013 01:15:00	346
02/12/2013 01:20:00	338
02/12/2013 01:25:00	325
02/12/2013 01:30:00	316
02/12/2013 01:35:00	310
02/12/2013 01:40:00	462
02/12/2013 01:45:00	352
02/12/2013 01:50:00	179
02/12/2013 01:55:00	497
02/12/2013 02:00:00	240
02/12/2013 02:05:00	263
02/12/2013 02:10:00	445
02/12/2013 02:15:00	267
02/12/2013 02:20:00	332
02/12/2013 02:25:00	300
02/12/2013 02:30:00	224
02/12/2013 02:35:00	383
02/12/2013 02:40:00	306
02/12/2013 02:45:00	264
02/12/2013 02:50:00	400
02/12/2013 02:55:00	236
02/12/2013 03:00:00	275
02/12/2013 03:05:00	288
02/12/2013 03:10:00	216
02/12/2013 03:15:00	274
02/12/2013 03:20:00	194
02/12/2013 03:25:00	320
02/12/2013 03:30:00	323
02/12/2013 03:35:00	207
02/12/2013 03:40:00	240
02/12/2013 03:45:00	298
02/12/2013 03:50:00	352
02/12/2013 03:55:00	158
02/12/2013 04:00:00	293
02/12/2013 04:05:00	198
02/12/2013 04:10:00	258
02/12/2013 04:15:00	231
02/12/2013 04:20:00	421
02/12/2013 04:25:00	203
02/12/2013 04:30:00	240
02/12/2013 04:35:00	451
02/12/2013 04:40:00	246
02/12/2013 04:45:00	214
02/12/2013 04:50:00	231
02/12/2013 04:55:00	250
02/12/2013 05:00:00	253
02/12/2013 05:05:00	321
02/12/2013 05:10:00	199
02/12/2013 05:15:00	423
02/12/2013 05:20:00	317
02/12/2013 05:25:00	299
02/12/2013 05:30:00	312
02/12/2013 05:35:00	312
02/12/2013 05:40:00	300
02/12/2013 05:45:00	345
02/12/2013 05:50:00	560
02/12/2013 05:55:00	377
02/12/2013 06:00:00	384
02/12/2013 06:05:00	387
02/12/2013 06:10:00	567
02/12/2013 06:15:00	470
02/12/2013 06:20:00	516
02/12/2013 06:25:00	699
02/12/2013 06:30:00	662
02/12/2013 06:35:00	623
02/12/2013 06:40:00	576
02/12/2013 06:45:00	786
02/12/2013 06:50:00	980
02/12/2013 06:55:00	996
02/12/2013 07:00:00	828
02/12/2013 07:05:00	1070
02/12/2013 07:10:00	1137
02/12/2013 07:15:00	1150
02/12/2013 07:20:00	1002
02/12/2013 07:25:00	1108
02/12/2013 07:30:00	1226
02/12/2013 07:35:00	1269
02/12/2013 07:40:00	1061
02/12/2013 07:45:00	1139
02/12/2013 07:50:00	1140
02/12/2013 07:55:00	1133
02/12/2013 08:00:00	1262
02/12/2013 08:05:00	1143
02/12/2013 08:10:00	1246
02/12/2013 08:15:00	1084
02/12/2013 08:20:00	1027
02/12/2013 08:25:00	1064
02/12/2013 08:30:00	990
02/12/2013 08:35:00	1186
02/12/2013 08:40:00	962
02/12/2013 08:45:00	1154
02/12/2013 08:50:00	1041
02/12/2013 08:55:00	1182
02/12/2013 09:00:00	999
02/12/2013 09:05:00	1089
02/12/2013 09:10:00	1281
02/12/2013 09:15:00	1039
02/12/2013 09:20:00	1149
02/12/2013 09:25:00	1097
02/12/2013 09:30:00	1157
02/12/2013 09:35:00	1212
02/12/2013 09:40:00	1063
02/12/2013 09:45:00	1044
02/12/2013 09:50:00	1222
02/12/2013 09:55:00	1094
02/12/2013 10:00:00	1077
02/12/2013 10:05:00	1078
02/12/2013 10:10:00	1046
02/12/2013 10:15:00	1121
02/12/2013 10:20:00	1001
02/12/2013 10:25:00	1077
02/12/2013 10:30:00	1077
02/12/2013 10:35:00	1057
02/12/2013 10:40:00	1066
02/12/2013 10:45:00	1036
02/12/2013 10:50:00	1019
02/12/2013 10:55:00	1095
02/12/2013 11:00:00	1003
02/12/2013 11:05:00	1020
02/12/2013 11:10:00	1033
02/12/2013 11:15:00	985
02/12/2013 11:20:00	1039
02/12/2013 11:25:00	996
02/12/2013 11:30:00	1045
02/12/2013 11:35:00	989
02/12/2013 11:40:00	1048
02/12/2013 11:45:00	1008
02/12/2013 11:50:00	1036
02/12/2013 11:55:00	999
02/12/2013 12:00:00	1054
02/12/2013 12:05:00	1045
02/12/2013 12:10:00	1052
02/12/2013 12:15:00	1066
02/12/2013 12:20:00	924
02/12/2013 12:25:00	1012
02/12/2013 12:30:00	1051
02/12/2013 12:35:00	1069
02/12/2013 12:40:00	901
02/12/2013 12:45:00	1007
02/12/2013 12:50:00	1068
02/12/2013 12:55:00	933
02/12/2013 13:00:00	1070
02/12/2013 13:05:00	857
02/12/2013 13:10:00	1050
02/12/2013 13:15:00	950
02/12/2013 13:20:00	929
02/12/2013 13:25:00	896
02/12/2013 13:30:00	942
02/12/2013 13:35:00	915
02/12/2013 13:40:00	888
02/12/2013 13:45:00	936
02/12/2013 13:50:00	818
02/12/2013 13:55:00	932
02/12/2013 14:00:00	994
02/12/2013 14:05:00	870
02/12/2013 14:10:00	825
02/12/2013 14:15:00	829
02/12/2013 14:20:00	870
02/12/2013 14:25:00	892
02/12/2013 14:30:00	898
02/12/2013 14:35:00	888
02/12/2013 14:40:00	924
02/12/2013 14:45:00	738
02/12/2013 14:50:00	879
02/12/2013 14:55:00	891
02/12/2013 15:00:00	735
02/12/2013 15:05:00	861
02/12/2013 15:10:00	910
02/12/2013 15:15:00	774
02/12/2013 15:20:00	913
02/12/2013 15:25:00	802
02/12/2013 15:30:00	895
02/12/2013 15:35:00	808
02/12/2013 15:40:00	919
02/12/2013 15:45:00	961
02/12/2013 15:50:00	783
02/12/2013 15:55:00	937
02/12/2013 16:00:00	790
02/12/2013 16:05:00	907
02/12/2013 16:10:00	958
02/12/2013 16:15:00	762
02/12/2013 16:20:00	918
02/12/2013 16:25:00	989
02/12/2013 16:30:00	939
02/12/2013 16:35:00	718
02/12/2013 16:40:00	1016
02/12/2013 16:45:00	924
02/12/2013 16:50:00	756
02/12/2013 16:55:00	991
02/12/2013 17:00:00	885
02/12/2013 17:05:00	894
02/12/2013 17:10:00	1042
02/12/2013 17:15:00	913
02/12/2013 17:20:00	1015
02/12/2013 17:25:00	860
02/12/2013 17:30:00	988
02/12/2013 17:35:00	1010
02/12/2013 17:40:00	1156
02/12/2013 17:45:00	980
02/12/2013 17:50:00	1012
02/12/2013 17:55:00	976
02/12/2013 18:00:00	1084
02/12/2013 18:05:00	1111
02/12/2013 18:10:00	1122
02/12/2013 18:15:00	1159
02/12/2013 18:20:00	1121
02/12/2013 18:25:00	1137
02/12/2013 18:30:00	1096
02/12/2013 18:35:00	1109
02/12/2013 18:40:00	1148
02/12/2013 18:45:00	1117
02/12/2013 18:50:00	1258
02/12/2013 18:55:00	1167
02/12/2013 19:00:00	1286
02/12/2013 19:05:00	1135
02/12/2013 19:10:00	1104
02/12/2013 19:15:00	1092
02/12/2013 19:20:00	1110
02/12/2013 19:25:00	1133
02/12/2013 19:30:00	1118
02/12/2013 19:35:00	1064
02/12/2013 19:40:00	1049
02/12/2013 19:45:00	924
02/12/2013 19:50:00	1067
02/12/2013 19:55:00	962
02/12/2013 20:00:00	900
02/12/2013 20:05:00	890
02/12/2013 20:10:00	763
02/12/2013 20:15:00	1007
02/12/2013 20:20:00	880
02/12/2013 20:25:00	813
02/12/2013 20:30:00	878
02/12/2013 20:35:00	973
02/12/2013 20:40:00	922
02/12/2013 20:45:00	803
02/12/2013 20:50:00	804
02/12/2013 20:55:00	804
02/12/2013 21:00:00	792
02/12/2013 21:05:00	780
02/12/2013 21:10:00	768
02/12/2013 21:15:00	804
02/12/2013 21:20:00	732
02/12/2013 21:25:00	792
02/12/2013 21:30:00	828
02/12/2013 21:35:00	672
02/12/2013 21:40:00	827
02/12/2013 21:45:00	756
02/12/2013 21:50:00	851
02/12/2013 21:55:00	864
02/12/2013 22:00:00	673
02/12/2013 22:05:00	754
02/12/2013 22:10:00	639
02/12/2013 22:15:00	740
02/12/2013 22:20:00	721
02/12/2013 22:25:00	802
02/12/2013 22:30:00	712
02/12/2013 22:35:00	648
02/12/2013 22:40:00	859
02/12/2013 22:45:00	736
02/12/2013 22:50:00	693
02/12/2013 22:55:00	768
02/12/2013 23:00:00	744
02/12/2013 23:05:00	616
02/12/2013 23:10:00	775
02/12/2013 23:15:00	634
02/12/2013 23:20:00	607
02/12/2013 23:25:00	755
02/12/2013 23:30:00	497
02/12/2013 23:35:00	491
02/12/2013 23:40:00	623
02/12/2013 23:45:00	488
02/12/2013 23:50:00	480
02/12/2013 23:55:00	629
02/18/2013 23:35:00	557
02/18/2013 23:40:00	564
02/18/2013 23:45:00	519
02/18/2013 23:50:00	429
02/18/2013 23:55:00	538
02/19/2013 00:00:00	565
02/19/2013 00:05:00	378
02/19/2013 00:10:00	415
02/19/2013 00:15:00	488
02/19/2013 00:20:00	374
02/19/2013 00:25:00	422
02/19/2013 00:30:00	456
02/19/2013 00:35:00	470
02/19/2013 00:40:00	389
02/19/2013 00:45:00	400
02/19/2013 00:50:00	350
02/19/2013 00:55:00	381
02/19/2013 01:00:00	357
02/19/2013 01:05:00	352
02/19/2013 01:10:00	312
02/19/2013 01:15:00	307
02/19/2013 01:20:00	319
02/19/2013 01:25:00	247
02/19/2013 01:30:00	237
02/19/2013 01:35:00	218
02/19/2013 01:40:00	249
02/19/2013 01:45:00	254
02/19/2013 01:50:00	245
02/19/2013 01:55:00	358
02/19/2013 02:00:00	176
02/19/2013 02:05:00	238
02/19/2013 02:10:00	213
02/19/2013 02:15:00	218
02/19/2013 02:20:00	321
02/19/2013 02:25:00	258
02/19/2013 02:30:00	184
02/19/2013 02:35:00	206
02/19/2013 02:40:00	266
02/19/2013 02:45:00	273
02/19/2013 02:50:00	259
02/19/2013 02:55:00	326
02/19/2013 03:00:00	259
02/19/2013 03:05:00	202
02/19/2013 03:10:00	158
02/19/2013 03:15:00	183
02/19/2013 03:20:00	311
02/19/2013 03:25:00	276
02/19/2013 03:30:00	178
02/19/2013 03:35:00	150
02/19/2013 03:40:00	224
02/19/2013 03:45:00	168
02/19/2013 03:50:00	188
02/19/2013 03:55:00	259
02/19/2013 04:00:00	223
02/19/2013 04:05:00	195
02/19/2013 04:10:00	127
02/19/2013 04:15:00	168
02/19/2013 04:20:00	219
02/19/2013 04:25:00	360
02/19/2013 04:30:00	323
02/19/2013 04:35:00	231
02/19/2013 04:40:00	193
02/19/2013 04:45:00	188
02/19/2013 04:50:00	188
02/19/2013 04:55:00	328
02/19/2013 05:00:00	295
02/19/2013 05:05:00	183
02/19/2013 05:10:00	193
02/19/2013 05:15:00	260
02/19/2013 05:20:00	240
02/19/2013 05:25:00	364
02/19/2013 05:30:00	314
02/19/2013 05:35:00	262
02/19/2013 05:40:00	260
02/19/2013 05:45:00	264
02/19/2013 05:50:00	312
02/19/2013 05:55:00	439
02/19/2013 06:00:00	374
02/19/2013 06:05:00	280
02/19/2013 06:10:00	357
02/19/2013 06:15:00	465
02/19/2013 06:20:00	538
02/19/2013 06:25:00	509
02/19/2013 06:30:00	489
02/19/2013 06:35:00	625
02/19/2013 06:40:00	569
02/19/2013 06:45:00	558
02/19/2013 06:50:00	612
02/19/2013 06:55:00	612
02/19/2013 07:00:00	694
02/19/2013 07:05:00	732
02/19/2013 07:10:00	744
02/19/2013 07:15:00	756
02/19/2013 07:20:00	745
02/19/2013 07:25:00	888
02/19/2013 07:30:00	775
02/19/2013 07:35:00	826
02/19/2013 07:40:00	969
02/19/2013 07:45:00	948
02/19/2013 07:50:00	853
02/19/2013 07:55:00	914
02/19/2013 08:00:00	991
02/19/2013 08:05:00	1078
02/19/2013 08:10:00	1051
02/19/2013 08:15:00	955
02/19/2013 08:20:00	974
02/19/2013 08:25:00	1032
02/19/2013 08:30:00	1068
02/19/2013 08:35:00	1006
02/19/2013 08:40:00	959
02/19/2013 08:45:00	1075
02/19/2013 08:50:00	1069
02/19/2013 08:55:00	1095
02/19/2013 09:00:00	1143
02/19/2013 09:05:00	1026
02/19/2013 09:10:00	965
02/19/2013 09:15:00	1106
02/19/2013 09:20:00	1137
02/19/2013 09:25:00	1149
02/19/2013 09:30:00	1134
02/19/2013 09:35:00	1129
02/19/2013 09:40:00	1082
02/19/2013 09:45:00	1001
02/19/2013 09:50:00	1187
02/19/2013 09:55:00	1152
02/19/2013 10:00:00	1139
02/19/2013 10:05:00	1116
02/19/2013 10:10:00	1091
02/19/2013 10:15:00	1133
02/19/2013 10:20:00	1120
02/19/2013 10:25:00	1111
02/19/2013 10:30:00	1119
02/19/2013 10:35:00	1025
02/19/2013 10:40:00	1167
02/19/2013 10:45:00	1158
02/19/2013 10:50:00	1038
02/19/2013 10:55:00	1145
02/19/2013 11:00:00	1125
02/19/2013 11:05:00	1099
02/19/2013 11:10:00	1114
02/19/2013 11:15:00	1136
02/19/2013 11:20:00	1142
02/19/2013 11:25:00	1023
02/19/2013 11:30:00	990
02/19/2013 11:35:00	1068
02/19/2013 11:40:00	1037
02/19/2013 11:45:00	1083
02/19/2013 11:50:00	1074
02/19/2013 11:55:00	978
02/19/2013 12:00:00	1086
02/19/2013 12:05:00	1176
02/19/2013 12:10:00	1041
02/19/2013 12:15:00	1077
02/19/2013 12:20:00	1061
02/19/2013 12:25:00	1006
02/19/2013 12:30:00	1038
02/19/2013 12:35:00	999
02/19/2013 12:40:00	1037
02/19/2013 12:45:00	1030
02/19/2013 12:50:00	1085
02/19/2013 12:55:00	1041
02/19/2013 13:00:00	990
02/19/2013 13:05:00	1042
02/19/2013 13:10:00	1022
02/19/2013 13:15:00	1041
02/19/2013 13:20:00	911
02/19/2013 13:25:00	966
02/19/2013 13:30:00	935
02/19/2013 13:35:00	953
02/19/2013 13:40:00	1045
02/19/2013 13:45:00	1000
02/19/2013 13:50:00	838
02/19/2013 13:55:00	915
02/19/2013 14:00:00	932
02/19/2013 14:05:00	810
02/19/2013 14:10:00	970
02/19/2013 14:15:00	863
02/19/2013 14:20:00	852
02/19/2013 14:25:00	885
02/19/2013 14:30:00	916
02/19/2013 14:35:00	949
02/19/2013 14:40:00	744
02/19/2013 14:45:00	856
02/19/2013 14:50:00	918
02/19/2013 14:55:00	763
02/19/2013 15:00:00	797
02/19/2013 15:05:00	808
02/19/2013 15:10:00	780
02/19/2013 15:15:00	822
02/19/2013 15:20:00	833
02/19/2013 15:25:00	858
02/19/2013 15:30:00	832
02/19/2013 15:35:00	848
02/19/2013 15:40:00	874
02/19/2013 15:45:00	739
02/19/2013 15:50:00	760
02/19/2013 15:55:00	833
02/19/2013 16:00:00	816
02/19/2013 16:05:00	734
02/19/2013 16:10:00	724
02/19/2013 16:15:00	839
02/19/2013 16:20:00	857
02/19/2013 16:25:00	818
02/19/2013 16:30:00	751
02/19/2013 16:35:00	883
02/19/2013 16:40:00	857
02/19/2013 16:45:00	834
02/19/2013 16:50:00	968
02/19/2013 16:55:00	927
02/19/2013 17:00:00	861
02/19/2013 17:05:00	823
02/19/2013 17:10:00	878
02/19/2013 17:15:00	820
02/19/2013 17:20:00	835
02/19/2013 17:25:00	898
02/19/2013 17:30:00	893
02/19/2013 17:35:00	906
02/19/2013 17:40:00	929
02/19/2013 17:45:00	948
02/19/2013 17:50:00	906
02/19/2013 17:55:00	1016
02/19/2013 18:00:00	941
02/19/2013 18:05:00	918
02/19/2013 18:10:00	1013
02/19/2013 18:15:00	1022
02/19/2013 18:20:00	987
02/19/2013 18:25:00	1058
02/19/2013 18:30:00	1005
02/19/2013 18:35:00	964
02/19/2013 18:40:00	1075
02/19/2013 18:45:00	1143
02/19/2013 18:50:00	1117
02/19/2013 18:55:00	1005
02/19/2013 19:00:00	1046
02/19/2013 19:05:00	1132
02/19/2013 19:10:00	1029
02/19/2013 19:15:00	1022
02/19/2013 19:20:00	1089
02/19/2013 19:25:00	1010
02/19/2013 19:30:00	952
02/19/2013 19:35:00	1005
02/19/2013 19:40:00	1034
02/19/2013 19:45:00	827
02/19/2013 19:50:00	972
02/19/2013 19:55:00	933
02/19/2013 20:00:00	758
02/19/2013 20:05:00	753
02/19/2013 20:10:00	808
02/19/2013 20:15:00	864
02/19/2013 20:20:00	880
02/19/2013 20:25:00	802
02/19/2013 20:30:00	735
02/19/2013 20:35:00	896
02/19/2013 20:40:00	792
02/19/2013 20:45:00	792
02/19/2013 20:50:00	780
02/19/2013 20:55:00	732
02/19/2013 21:00:00	667
02/19/2013 21:05:00	616
02/19/2013 21:10:00	732
02/19/2013 21:15:00	780
02/19/2013 21:20:00	792
02/19/2013 21:25:00	775
02/19/2013 21:30:00	712
02/19/2013 21:35:00	819
02/19/2013 21:40:00	692
02/19/2013 21:45:00	764
02/19/2013 21:50:00	735
02/19/2013 21:55:00	746
02/19/2013 22:00:00	693
02/19/2013 22:05:00	724
02/19/2013 22:10:00	604
02/19/2013 22:15:00	698
02/19/2013 22:20:00	768
02/19/2013 22:25:00	731
02/19/2013 22:30:00	705
02/19/2013 22:35:00	672
02/19/2013 22:40:00	715
02/19/2013 22:45:00	652
02/19/2013 22:50:00	641
02/19/2013 22:55:00	638
02/19/2013 23:00:00	799
02/19/2013 23:05:00	823
02/19/2013 23:10:00	699
02/19/2013 23:15:00	619
02/19/2013 23:20:00	568
02/19/2013 23:25:00	597
02/19/2013 23:30:00	634
02/19/2013 23:35:00	547
02/19/2013 23:40:00	522
02/19/2013 23:45:00	556
02/19/2013 23:50:00	447
02/19/2013 23:55:00	502
02/25/2013 23:35:00	618
02/25/2013 23:40:00	543
02/25/2013 23:45:00	549
02/25/2013 23:50:00	592
02/25/2013 23:55:00	479
02/26/2013 00:00:00	457
02/26/2013 00:05:00	547
02/26/2013 00:10:00	517
02/26/2013 00:15:00	442
02/26/2013 00:20:00	465
02/26/2013 00:25:00	479
02/26/2013 00:30:00	344
02/26/2013 00:35:00	378
02/26/2013 00:40:00	506
02/26/2013 00:45:00	432
02/26/2013 00:50:00	320
02/26/2013 00:55:00	377
02/26/2013 01:00:00	374
02/26/2013 01:05:00	442
02/26/2013 01:10:00	392
02/26/2013 01:15:00	293
02/26/2013 01:20:00	360
02/26/2013 01:25:00	418
02/26/2013 01:30:00	446
02/26/2013 01:35:00	275
02/26/2013 01:40:00	317
02/26/2013 01:45:00	294
02/26/2013 01:50:00	288
02/26/2013 01:55:00	340
02/26/2013 02:00:00	367
02/26/2013 02:05:00	341
02/26/2013 02:10:00	315
02/26/2013 02:15:00	323
02/26/2013 02:20:00	382
02/26/2013 02:25:00	320
02/26/2013 02:30:00	216
02/26/2013 02:35:00	292
02/26/2013 02:40:00	294
02/26/2013 02:45:00	245
02/26/2013 02:50:00	306
02/26/2013 02:55:00	310
02/26/2013 03:00:00	331
02/26/2013 03:05:00	228
02/26/2013 03:10:00	203
02/26/2013 03:15:00	339
02/26/2013 03:20:00	313
02/26/2013 03:25:00	305
02/26/2013 03:30:00	252
02/26/2013 03:35:00	275
02/26/2013 03:40:00	266
02/26/2013 03:45:00	317
02/26/2013 03:50:00	372
02/26/2013 03:55:00	380
02/26/2013 04:00:00	300
02/26/2013 04:05:00	285
02/26/2013 04:10:00	343
02/26/2013 04:15:00	308
02/26/2013 04:20:00	226
02/26/2013 04:25:00	443
02/26/2013 04:30:00	329
02/26/2013 04:35:00	279
02/26/2013 04:40:00	268
02/26/2013 04:45:00	379
02/26/2013 04:50:00	367
02/26/2013 04:55:00	223
02/26/2013 05:00:00	250
02/26/2013 05:05:00	349
02/26/2013 05:10:00	340
02/26/2013 05:15:00	240
02/26/2013 05:20:00	340
02/26/2013 05:25:00	397
02/26/2013 05:30:00	268
02/26/2013 05:35:00	319
02/26/2013 05:40:00	438
02/26/2013 05:45:00	476
02/26/2013 05:50:00	335
02/26/2013 05:55:00	360
02/26/2013 06:00:00	467
02/26/2013 06:05:00	520
02/26/2013 06:10:00	492
02/26/2013 06:15:00	492
02/26/2013 06:20:00	628
02/26/2013 06:25:00	708
02/26/2013 06:30:00	618
02/26/2013 06:35:00	719
02/26/2013 06:40:00	804
02/26/2013 06:45:00	861
02/26/2013 06:50:00	830
02/26/2013 06:55:00	914
02/26/2013 07:00:00	1070
02/26/2013 07:05:00	1133
02/26/2013 07:10:00	1140
02/26/2013 07:15:00	1235
02/26/2013 07:20:00	1111
02/26/2013 07:25:00	1244
02/26/2013 07:30:00	1267
02/26/2013 07:35:00	1189
02/26/2013 07:40:00	1288
02/26/2013 07:45:00	1227
02/26/2013 07:50:00	1195
02/26/2013 07:55:00	1188
02/26/2013 08:00:00	1170
02/26/2013 08:05:00	1245
02/26/2013 08:10:00	1173
02/26/2013 08:15:00	1087
02/26/2013 08:20:00	1222
02/26/2013 08:25:00	1206
02/26/2013 08:30:00	1143
02/26/2013 08:35:00	1062
02/26/2013 08:40:00	1170
02/26/2013 08:45:00	1241
02/26/2013 08:50:00	1069
02/26/2013 08:55:00	1065
02/26/2013 09:00:00	1077
02/26/2013 09:05:00	1183
02/26/2013 09:10:00	1218
02/26/2013 09:15:00	1057
02/26/2013 09:20:00	1252
02/26/2013 09:25:00	1220
02/26/2013 09:30:00	1100
02/26/2013 09:35:00	1063
02/26/2013 09:40:00	1037
02/26/2013 09:45:00	1073
02/26/2013 09:50:00	1112
02/26/2013 09:55:00	1217
02/26/2013 10:00:00	1171
02/26/2013 10:05:00	966
02/26/2013 10:10:00	1090
02/26/2013 10:15:00	1195
02/26/2013 10:20:00	1054
02/26/2013 10:25:00	1060
02/26/2013 10:30:00	1087
02/26/2013 10:35:00	1109
02/26/2013 10:40:00	1030
02/26/2013 10:45:00	1082
02/26/2013 10:50:00	1016
02/26/2013 10:55:00	975
02/26/2013 11:00:00	1050
02/26/2013 11:05:00	1114
02/26/2013 11:10:00	1119
02/26/2013 11:15:00	1134
02/26/2013 11:20:00	1018
02/26/2013 11:25:00	1043
02/26/2013 11:30:00	1085
02/26/2013 11:35:00	1066
02/26/2013 11:40:00	994
02/26/2013 11:45:00	1193
02/26/2013 11:50:00	1038
02/26/2013 11:55:00	1054
02/26/2013 12:00:00	1004
02/26/2013 12:05:00	1062
02/26/2013 12:10:00	977
02/26/2013 12:15:00	1028
02/26/2013 12:20:00	1113
02/26/2013 12:25:00	1029
02/26/2013 12:30:00	991
02/26/2013 12:35:00	996
02/26/2013 12:40:00	1022
02/26/2013 12:45:00	1077
02/26/2013 12:50:00	1005
02/26/2013 12:55:00	1111
02/26/2013 13:00:00	999
02/26/2013 13:05:00	1032
02/26/2013 13:10:00	983
02/26/2013 13:15:00	924
02/26/2013 13:20:00	980
02/26/2013 13:25:00	891
02/26/2013 13:30:00	986
02/26/2013 13:35:00	897
02/26/2013 13:40:00	1023
02/26/2013 13:45:00	994
02/26/2013 13:50:00	886
02/26/2013 13:55:00	875
02/26/2013 14:00:00	948
02/26/2013 14:05:00	960
02/26/2013 14:10:00	917
02/26/2013 14:15:00	883
02/26/2013 14:20:00	825
02/26/2013 14:25:00	941
02/26/2013 14:30:00	944
02/26/2013 14:35:00	987
02/26/2013 14:40:00	922
02/26/2013 14:45:00	849
02/26/2013 14:50:00	818
02/26/2013 14:55:00	917
02/26/2013 15:00:00	924
02/26/2013 15:05:00	936
02/26/2013 15:10:00	869
02/26/2013 15:15:00	835
02/26/2013 15:20:00	942
02/26/2013 15:25:00	884
02/26/2013 15:30:00	896
02/26/2013 15:35:00	974
02/26/2013 15:40:00	998
02/26/2013 15:45:00	924
02/26/2013 15:50:00	863
02/26/2013 15:55:00	799
02/26/2013 16:00:00	890
02/26/2013 16:05:00	960
02/26/2013 16:10:00	948
02/26/2013 16:15:00	950
02/26/2013 16:20:00	856
02/26/2013 16:25:00	834
02/26/2013 16:30:00	924
02/26/2013 16:35:00	945
02/26/2013 16:40:00	937
02/26/2013 16:45:00	1011
02/26/2013 16:50:00	1032
02/26/2013 16:55:00	883
02/26/2013 17:00:00	963
02/26/2013 17:05:00	1018
02/26/2013 17:10:00	967
02/26/2013 17:15:00	961
02/26/2013 17:20:00	955
02/26/2013 17:25:00	1085
02/26/2013 17:30:00	932
02/26/2013 17:35:00	927
02/26/2013 17:40:00	1107
02/26/2013 17:45:00	1171
02/26/2013 17:50:00	1001
02/26/2013 17:55:00	1083
02/26/2013 18:00:00	1087
02/26/2013 18:05:00	1100
02/26/2013 18:10:00	1120
02/26/2013 18:15:00	1097
02/26/2013 18:20:00	1214
02/26/2013 18:25:00	1128
02/26/2013 18:30:00	1166
02/26/2013 18:35:00	1209
02/26/2013 18:40:00	1322
02/26/2013 18:45:00	1341
02/26/2013 18:50:00	1215
02/26/2013 18:55:00	1161
02/26/2013 19:00:00	1203
02/26/2013 19:05:00	1145
02/26/2013 19:10:00	1089
02/26/2013 19:15:00	1230
02/26/2013 19:20:00	1093
02/26/2013 19:25:00	1164
02/26/2013 19:30:00	1162
02/26/2013 19:35:00	1139
02/26/2013 19:40:00	1098
02/26/2013 19:45:00	989
02/26/2013 19:50:00	1078
02/26/2013 19:55:00	1009
02/26/2013 20:00:00	928
02/26/2013 20:05:00	919
02/26/2013 20:10:00	907
02/26/2013 20:15:00	856
02/26/2013 20:20:00	907
02/26/2013 20:25:00	824
02/26/2013 20:30:00	927
02/26/2013 20:35:00	940
02/26/2013 20:40:00	979
02/26/2013 20:45:00	876
02/26/2013 20:50:00	828
02/26/2013 20:55:00	828
02/26/2013 21:00:00	792
02/26/2013 21:05:00	804
02/26/2013 21:10:00	804
02/26/2013 21:15:00	840
02/26/2013 21:20:00	864
02/26/2013 21:25:00	876
02/26/2013 21:30:00	828
02/26/2013 21:35:00	804
02/26/2013 21:40:00	780
02/26/2013 21:45:00	744
02/26/2013 21:50:00	712
02/26/2013 21:55:00	679
02/26/2013 22:00:00	781
02/26/2013 22:05:00	627
02/26/2013 22:10:00	631
02/26/2013 22:15:00	792
02/26/2013 22:20:00	709
02/26/2013 22:25:00	706
02/26/2013 22:30:00	808
02/26/2013 22:35:00	751
02/26/2013 22:40:00	756
02/26/2013 22:45:00	652
02/26/2013 22:50:00	633
02/26/2013 22:55:00	720
02/26/2013 23:00:00	812
02/26/2013 23:05:00	729
02/26/2013 23:10:00	525
02/26/2013 23:15:00	636
02/26/2013 23:20:00	660
02/26/2013 23:25:00	535
02/26/2013 23:30:00	552
02/26/2013 23:35:00	519
02/26/2013 23:40:00	439
02/26/2013 23:45:00	539
02/26/2013 23:50:00	396
02/26/2013 23:55:00	449
03/04/2013 23:35:00	391
03/04/2013 23:40:00	593
03/04/2013 23:45:00	441
03/04/2013 23:50:00	418
03/04/2013 23:55:00	588
03/05/2013 00:00:00	351
03/05/2013 00:05:00	444
03/05/2013 00:10:00	476
03/05/2013 00:15:00	455
03/05/2013 00:20:00	390
03/05/2013 00:25:00	310
03/05/2013 00:30:00	310
03/05/2013 00:35:00	291
03/05/2013 00:40:00	241
03/05/2013 00:45:00	425
03/05/2013 00:50:00	424
03/05/2013 00:55:00	295
03/05/2013 01:00:00	294
03/05/2013 01:05:00	228
03/05/2013 01:10:00	307
03/05/2013 01:15:00	291
03/05/2013 01:20:00	276
03/05/2013 01:25:00	273
03/05/2013 01:30:00	251
03/05/2013 01:35:00	401
03/05/2013 01:40:00	278
03/05/2013 01:45:00	263
03/05/2013 01:50:00	453
03/05/2013 01:55:00	269
03/05/2013 02:00:00	289
03/05/2013 02:05:00	87
03/05/2013 02:10:00	377
03/05/2013 02:15:00	269
03/05/2013 02:20:00	411
03/05/2013 02:25:00	233
03/05/2013 02:30:00	268
03/05/2013 02:35:00	285
03/05/2013 02:40:00	289
03/05/2013 02:45:00	286
03/05/2013 02:50:00	258
03/05/2013 02:55:00	315
03/05/2013 03:00:00	412
03/05/2013 03:05:00	306
03/05/2013 03:10:00	268
03/05/2013 03:15:00	258
03/05/2013 03:20:00	314
03/05/2013 03:25:00	364
03/05/2013 03:30:00	227
03/05/2013 03:35:00	194
03/05/2013 03:40:00	207
03/05/2013 03:45:00	391
03/05/2013 03:50:00	228
03/05/2013 03:55:00	256
03/05/2013 04:00:00	185
03/05/2013 04:05:00	282
03/05/2013 04:10:00	320
03/05/2013 04:15:00	217
03/05/2013 04:20:00	295
03/05/2013 04:25:00	352
03/05/2013 04:30:00	237
03/05/2013 04:35:00	365
03/05/2013 04:40:00	256
03/05/2013 04:45:00	202
03/05/2013 04:50:00	290
03/05/2013 04:55:00	238
03/05/2013 05:00:00	281
03/05/2013 05:05:00	417
03/05/2013 05:10:00	252
03/05/2013 05:15:00	228
03/05/2013 05:20:00	249
03/05/2013 05:25:00	369
03/05/2013 05:30:00	331
03/05/2013 05:35:00	343
03/05/2013 05:40:00	370
03/05/2013 05:45:00	316
03/05/2013 05:50:00	348
03/05/2013 05:55:00	295
03/05/2013 06:00:00	387
03/05/2013 06:05:00	612
03/05/2013 06:10:00	515
03/05/2013 06:15:00	454
03/05/2013 06:20:00	415
03/05/2013 06:25:00	705
03/05/2013 06:30:00	638
03/05/2013 06:35:00	573
03/05/2013 06:40:00	832
03/05/2013 06:45:00	816
03/05/2013 06:50:00	840
03/05/2013 06:55:00	972
03/05/2013 07:00:00	1057
03/05/2013 07:05:00	1280
03/05/2013 07:10:00	1085
03/05/2013 07:15:00	1274
03/05/2013 07:20:00	1257
03/05/2013 07:25:00	1246
03/05/2013 07:30:00	1238
03/05/2013 07:35:00	1376
03/05/2013 07:40:00	1139
03/05/2013 07:45:00	1291
03/05/2013 07:50:00	1268
03/05/2013 07:55:00	1347
03/05/2013 08:00:00	1175
03/05/2013 08:05:00	1237
03/05/2013 08:10:00	1120
03/05/2013 08:15:00	1281
03/05/2013 08:20:00	1088
03/05/2013 08:25:00	1143
03/05/2013 08:30:00	1196
03/05/2013 08:35:00	1129
03/05/2013 08:40:00	1050
03/05/2013 08:45:00	1229
03/05/2013 08:50:00	1051
03/05/2013 08:55:00	1151
03/05/2013 09:00:00	1111
03/05/2013 09:05:00	1218
03/05/2013 09:10:00	1084
03/05/2013 09:15:00	1131
03/05/2013 09:20:00	1032
03/05/2013 09:25:00	1146
03/05/2013 09:30:00	1241
03/05/2013 09:35:00	1044
03/05/2013 09:40:00	1149
03/05/2013 09:45:00	1017
03/05/2013 09:50:00	1116
03/05/2013 09:55:00	932
03/05/2013 10:00:00	999
03/05/2013 10:05:00	968
03/05/2013 10:10:00	953
03/05/2013 10:15:00	1024
03/05/2013 10:20:00	1037
03/05/2013 10:25:00	1027
03/05/2013 10:30:00	1126
03/05/2013 10:35:00	1014
03/05/2013 10:40:00	966
03/05/2013 10:45:00	946
03/05/2013 10:50:00	1060
03/05/2013 10:55:00	1082
03/05/2013 11:00:00	1086
03/05/2013 11:05:00	960
03/05/2013 11:10:00	939
03/05/2013 11:15:00	1124
03/05/2013 11:20:00	1083
03/05/2013 11:25:00	1164
03/05/2013 11:30:00	1058
03/05/2013 11:35:00	873
03/05/2013 11:40:00	1080
03/05/2013 11:45:00	1042
03/05/2013 11:50:00	1081
03/05/2013 11:55:00	908
03/05/2013 12:00:00	936
03/05/2013 12:05:00	854
03/05/2013 12:10:00	959
03/05/2013 12:15:00	834
03/05/2013 12:20:00	1032
03/05/2013 12:25:00	1047
03/05/2013 12:30:00	1026
03/05/2013 12:35:00	1026
03/05/2013 12:40:00	938
03/05/2013 12:45:00	958
03/05/2013 12:50:00	1041
03/05/2013 12:55:00	997
03/05/2013 13:00:00	1098
03/05/2013 13:05:00	932
03/05/2013 13:10:00	970
03/05/2013 13:15:00	913
03/05/2013 13:20:00	920
03/05/2013 13:25:00	944
03/05/2013 13:30:00	895
03/05/2013 13:35:00	788
03/05/2013 13:40:00	934
03/05/2013 13:45:00	940
03/05/2013 13:50:00	779
03/05/2013 13:55:00	974
03/05/2013 14:00:00	838
03/05/2013 14:05:00	868
03/05/2013 14:10:00	1005
03/05/2013 14:15:00	846
03/05/2013 14:20:00	722
03/05/2013 14:25:00	913
03/05/2013 14:30:00	881
03/05/2013 14:35:00	919
03/05/2013 14:40:00	822
03/05/2013 14:45:00	702
03/05/2013 14:50:00	914
03/05/2013 14:55:00	890
03/05/2013 15:00:00	748
03/05/2013 15:05:00	759
03/05/2013 15:10:00	879
03/05/2013 15:15:00	701
03/05/2013 15:20:00	884
03/05/2013 15:25:00	861
03/05/2013 15:30:00	770
03/05/2013 15:35:00	861
03/05/2013 15:40:00	706
03/05/2013 15:45:00	867
03/05/2013 15:50:00	838
03/05/2013 15:55:00	733
03/05/2013 16:00:00	840
03/05/2013 16:05:00	901
03/05/2013 16:10:00	836
03/05/2013 16:15:00	664
03/05/2013 16:20:00	864
03/05/2013 16:25:00	856
03/05/2013 16:30:00	807
03/05/2013 16:35:00	792
03/05/2013 16:40:00	730
03/05/2013 16:45:00	769
03/05/2013 16:50:00	780
03/05/2013 16:55:00	794
03/05/2013 17:00:00	993
03/05/2013 17:05:00	772
03/05/2013 17:10:00	968
03/05/2013 17:15:00	783
03/05/2013 17:20:00	996
03/05/2013 17:25:00	982
03/05/2013 17:30:00	801
03/05/2013 17:35:00	926
03/05/2013 17:40:00	1017
03/05/2013 17:45:00	965
03/05/2013 17:50:00	1108
03/05/2013 17:55:00	868
03/05/2013 18:00:00	910
03/05/2013 18:05:00	1135
03/05/2013 18:10:00	938
03/05/2013 18:15:00	1122
03/05/2013 18:20:00	1176
03/05/2013 18:25:00	1092
03/05/2013 18:30:00	1077
03/05/2013 18:35:00	1135
03/05/2013 18:40:00	1152
03/05/2013 18:45:00	1179
03/05/2013 18:50:00	1194
03/05/2013 18:55:00	1332
03/05/2013 19:00:00	1142
03/05/2013 19:05:00	1090
03/05/2013 19:10:00	1081
03/05/2013 19:15:00	1284
03/05/2013 19:20:00	1113
03/05/2013 19:25:00	1144
03/05/2013 19:30:00	1011
03/05/2013 19:35:00	1124
03/05/2013 19:40:00	937
03/05/2013 19:45:00	1087
03/05/2013 19:50:00	985
03/05/2013 19:55:00	1006
03/05/2013 20:00:00	983
03/05/2013 20:05:00	769
03/05/2013 20:10:00	981
03/05/2013 20:15:00	852
03/05/2013 20:20:00	876
03/05/2013 20:25:00	889
03/05/2013 20:30:00	922
03/05/2013 20:35:00	960
03/05/2013 20:40:00	743
03/05/2013 20:45:00	960
03/05/2013 20:50:00	816
03/05/2013 20:55:00	816
03/05/2013 21:00:00	768
03/05/2013 21:05:00	744
03/05/2013 21:10:00	696
03/05/2013 21:15:00	720
03/05/2013 21:20:00	684
03/05/2013 21:25:00	720
03/05/2013 21:30:00	685
03/05/2013 21:35:00	598
03/05/2013 21:40:00	780
03/05/2013 21:45:00	768
03/05/2013 21:50:00	623
03/05/2013 21:55:00	745
03/05/2013 22:00:00	454
03/05/2013 22:05:00	684
03/05/2013 22:10:00	685
03/05/2013 22:15:00	514
03/05/2013 22:20:00	746
03/05/2013 22:25:00	501
03/05/2013 22:30:00	710
03/05/2013 22:35:00	516
03/05/2013 22:40:00	585
03/05/2013 22:45:00	794
03/05/2013 22:50:00	624
03/05/2013 22:55:00	674
03/05/2013 23:00:00	746
03/05/2013 23:05:00	477
03/05/2013 23:10:00	643
03/05/2013 23:15:00	557
03/05/2013 23:20:00	687
03/05/2013 23:25:00	444
03/05/2013 23:30:00	455
03/05/2013 23:35:00	406
03/05/2013 23:40:00	480
03/05/2013 23:45:00	464
03/05/2013 23:50:00	319
03/05/2013 23:55:00	520
03/11/2013 23:35:00	534
03/11/2013 23:40:00	449
03/11/2013 23:45:00	422
03/11/2013 23:50:00	538
03/11/2013 23:55:00	521
03/12/2013 00:00:00	410
03/12/2013 00:05:00	432
03/12/2013 00:10:00	522
03/12/2013 00:15:00	451
03/12/2013 00:20:00	313
03/12/2013 00:25:00	314
03/12/2013 00:30:00	342
03/12/2013 00:35:00	398
03/12/2013 00:40:00	306
03/12/2013 00:45:00	331
03/12/2013 00:50:00	339
03/12/2013 00:55:00	288
03/12/2013 01:00:00	332
03/12/2013 01:05:00	315
03/12/2013 01:10:00	246
03/12/2013 01:15:00	225
03/12/2013 01:20:00	188
03/12/2013 01:25:00	298
03/12/2013 01:30:00	273
03/12/2013 01:35:00	212
03/12/2013 01:40:00	387
03/12/2013 01:45:00	313
03/12/2013 01:50:00	204
03/12/2013 01:55:00	356
03/12/2013 02:00:00	290
03/12/2013 02:05:00	291
03/12/2013 02:10:00	340
03/12/2013 02:15:00	239
03/12/2013 02:20:00	216
03/12/2013 02:25:00	290
03/12/2013 02:30:00	242
03/12/2013 02:35:00	275
03/12/2013 02:40:00	229
03/12/2013 02:45:00	250
03/12/2013 02:50:00	253
03/12/2013 02:55:00	174
03/12/2013 03:00:00	300
03/12/2013 03:05:00	217
03/12/2013 03:10:00	209
03/12/2013 03:15:00	269
03/12/2013 03:20:00	166
03/12/2013 03:25:00	195
03/12/2013 03:30:00	345
03/12/2013 03:35:00	280
03/12/2013 03:40:00	211
03/12/2013 03:45:00	313
03/12/2013 03:50:00	352
03/12/2013 03:55:00	302
03/12/2013 04:00:00	198
03/12/2013 04:05:00	257
03/12/2013 04:10:00	289
03/12/2013 04:15:00	319
03/12/2013 04:20:00	246
03/12/2013 04:25:00	276
03/12/2013 04:30:00	391
03/12/2013 04:35:00	328
03/12/2013 04:40:00	295
03/12/2013 04:45:00	304
03/12/2013 04:50:00	271
03/12/2013 04:55:00	268
03/12/2013 05:00:00	204
03/12/2013 05:05:00	321
03/12/2013 05:10:00	245
03/12/2013 05:15:00	167
03/12/2013 05:20:00	180
03/12/2013 05:25:00	306
03/12/2013 05:30:00	221
03/12/2013 05:35:00	186
03/12/2013 05:40:00	374
03/12/2013 05:45:00	450
03/12/2013 05:50:00	372
03/12/2013 05:55:00	270
03/12/2013 06:00:00	450
03/12/2013 06:05:00	447
03/12/2013 06:10:00	472
03/12/2013 06:15:00	632
03/12/2013 06:20:00	449
03/12/2013 06:25:00	550
03/12/2013 06:30:00	706
03/12/2013 06:35:00	692
03/12/2013 06:40:00	818
03/12/2013 06:45:00	865
03/12/2013 06:50:00	838
03/12/2013 06:55:00	987
03/12/2013 07:00:00	858
03/12/2013 07:05:00	1134
03/12/2013 07:10:00	1230
03/12/2013 07:15:00	1236
03/12/2013 07:20:00	1217
03/12/2013 07:25:00	1165
03/12/2013 07:30:00	1240
03/12/2013 07:35:00	1201
03/12/2013 07:40:00	1228
03/12/2013 07:45:00	1217
03/12/2013 07:50:00	1194
03/12/2013 07:55:00	1141
03/12/2013 08:00:00	1170
03/12/2013 08:05:00	1276
03/12/2013 08:10:00	1203
03/12/2013 08:15:00	1079
03/12/2013 08:20:00	1096
03/12/2013 08:25:00	1271
03/12/2013 08:30:00	1161
03/12/2013 08:35:00	1045
03/12/2013 08:40:00	1031
03/12/2013 08:45:00	1136
03/12/2013 08:50:00	1088
03/12/2013 08:55:00	1037
03/12/2013 09:00:00	1062
03/12/2013 09:05:00	1132
03/12/2013 09:10:00	1121
03/12/2013 09:15:00	1096
03/12/2013 09:20:00	1118
03/12/2013 09:25:00	1041
03/12/2013 09:30:00	1073
03/12/2013 09:35:00	1154
03/12/2013 09:40:00	1152
03/12/2013 09:45:00	1169
03/12/2013 09:50:00	1142
03/12/2013 09:55:00	1023
03/12/2013 10:00:00	1041
03/12/2013 10:05:00	1131
03/12/2013 10:10:00	1057
03/12/2013 10:15:00	1068
03/12/2013 10:20:00	979
03/12/2013 10:25:00	973
03/12/2013 10:30:00	995
03/12/2013 10:35:00	943
03/12/2013 10:40:00	1076
03/12/2013 10:45:00	1032
03/12/2013 10:50:00	1096
03/12/2013 10:55:00	1073
03/12/2013 11:00:00	1043
03/12/2013 11:05:00	991
03/12/2013 11:10:00	1046
03/12/2013 11:15:00	1041
03/12/2013 11:20:00	1085
03/12/2013 11:25:00	1038
03/12/2013 11:30:00	1031
03/12/2013 11:35:00	1016
03/12/2013 11:40:00	979
03/12/2013 11:45:00	1107
03/12/2013 11:50:00	998
03/12/2013 11:55:00	1058
03/12/2013 12:00:00	1078
03/12/2013 12:05:00	1023
03/12/2013 12:10:00	1098
03/12/2013 12:15:00	985
03/12/2013 12:20:00	900
03/12/2013 12:25:00	1056
03/12/2013 12:30:00	1045
03/12/2013 12:35:00	972
03/12/2013 12:40:00	987
03/12/2013 12:45:00	902
03/12/2013 12:50:00	888
03/12/2013 12:55:00	1041
03/12/2013 13:00:00	1002
03/12/2013 13:05:00	984
03/12/2013 13:10:00	966
03/12/2013 13:15:00	976
03/12/2013 13:20:00	866
03/12/2013 13:25:00	793
03/12/2013 13:30:00	891
03/12/2013 13:35:00	835
03/12/2013 13:40:00	887
03/12/2013 13:45:00	908
03/12/2013 13:50:00	981
03/12/2013 13:55:00	845
03/12/2013 14:00:00	919
03/12/2013 14:05:00	871
03/12/2013 14:10:00	840
03/12/2013 14:15:00	904
03/12/2013 14:20:00	803
03/12/2013 14:25:00	794
03/12/2013 14:30:00	873
03/12/2013 14:35:00	812
03/12/2013 14:40:00	879
03/12/2013 14:45:00	824
03/12/2013 14:50:00	927
03/12/2013 14:55:00	840
03/12/2013 15:00:00	876
03/12/2013 15:05:00	762
03/12/2013 15:10:00	689
03/12/2013 15:15:00	840
03/12/2013 15:20:00	864
03/12/2013 15:25:00	864
03/12/2013 15:30:00	852
03/12/2013 15:35:00	816
03/12/2013 15:40:00	828
03/12/2013 15:45:00	828
03/12/2013 15:50:00	792
03/12/2013 15:55:00	852
03/12/2013 16:00:00	864
03/12/2013 16:05:00	864
03/12/2013 16:10:00	840
03/12/2013 16:15:00	888
03/12/2013 16:20:00	864
03/12/2013 16:25:00	768
03/12/2013 16:30:00	831
03/12/2013 16:35:00	933
03/12/2013 16:40:00	863
03/12/2013 16:45:00	806
03/12/2013 16:50:00	933
03/12/2013 16:55:00	919
03/12/2013 17:00:00	916
03/12/2013 17:05:00	880
03/12/2013 17:10:00	936
03/12/2013 17:15:00	949
03/12/2013 17:20:00	936
03/12/2013 17:25:00	811
03/12/2013 17:30:00	858
03/12/2013 17:35:00	1000
03/12/2013 17:40:00	891
03/12/2013 17:45:00	842
03/12/2013 17:50:00	915
03/12/2013 17:55:00	1000
03/12/2013 18:00:00	974
03/12/2013 18:05:00	934
03/12/2013 18:10:00	1003
03/12/2013 18:15:00	973
03/12/2013 18:20:00	1140
03/12/2013 18:25:00	1036
03/12/2013 18:30:00	1013
03/12/2013 18:35:00	1191
03/12/2013 18:40:00	1100
03/12/2013 18:45:00	1192
03/12/2013 18:50:00	1171
03/12/2013 18:55:00	1144
03/12/2013 19:00:00	2039
03/12/2013 19:05:00	4683
03/12/2013 19:10:00	3674
03/12/2013 19:15:00	2856
03/12/2013 19:20:00	2940
03/12/2013 19:25:00	3060
03/12/2013 19:30:00	2867
03/12/2013 19:35:00	2822
03/12/2013 19:40:00	2894
03/12/2013 19:45:00	3036
03/12/2013 19:50:00	2794
03/12/2013 19:55:00	2873
03/12/2013 20:00:00	3096
03/12/2013 20:05:00	2894
03/12/2013 20:10:00	2932
03/12/2013 20:15:00	2880
03/12/2013 20:20:00	2916
03/12/2013 20:25:00	2904
03/12/2013 20:30:00	3098
03/12/2013 20:35:00	3077
03/12/2013 20:40:00	2769
03/12/2013 20:45:00	2388
03/12/2013 20:50:00	2328
03/12/2013 20:55:00	2304
03/12/2013 21:00:00	2316
03/12/2013 21:05:00	2304
03/12/2013 21:10:00	2292
03/12/2013 21:15:00	2292
03/12/2013 21:20:00	2355
03/12/2013 21:25:00	2241
03/12/2013 21:30:00	1940
03/12/2013 21:35:00	1783
03/12/2013 21:40:00	1541
03/12/2013 21:45:00	1500
03/12/2013 21:50:00	1390
03/12/2013 21:55:00	1193
03/12/2013 22:00:00	1138
03/12/2013 22:05:00	1167
03/12/2013 22:10:00	1068
03/12/2013 22:15:00	1068
03/12/2013 22:20:00	996
03/12/2013 22:25:00	984
03/12/2013 22:30:00	912
03/12/2013 22:35:00	972
03/12/2013 22:40:00	1008
03/12/2013 22:45:00	996
03/12/2013 22:50:00	960
03/12/2013 22:55:00	924
03/12/2013 23:00:00	910
03/12/2013 23:05:00	862
03/12/2013 23:10:00	870
03/12/2013 23:15:00	905
03/12/2013 23:20:00	805
03/12/2013 23:25:00	775
03/12/2013 23:30:00	726
03/12/2013 23:35:00	576
03/12/2013 23:40:00	702
03/12/2013 23:45:00	761
03/12/2013 23:50:00	678
03/12/2013 23:55:00	555
