20-aug-14 21:35:00	312
20-aug-14 21:40:00	288
20-aug-14 21:45:00	336
20-aug-14 21:50:00	312
20-aug-14 21:55:00	312
20-aug-14 22:00:00	288
20-aug-14 22:05:00	264
20-aug-14 22:10:00	264
20-aug-14 22:15:00	288
20-aug-14 22:20:00	288
20-aug-14 22:25:00	264
20-aug-14 22:30:00	216
20-aug-14 22:35:00	240
20-aug-14 22:40:00	216
20-aug-14 22:45:00	240
20-aug-14 22:50:00	240
20-aug-14 22:55:00	264
20-aug-14 23:00:00	264
20-aug-14 23:05:00	240
20-aug-14 23:10:00	216
20-aug-14 23:15:00	216
20-aug-14 23:20:00	216
20-aug-14 23:25:00	192
20-aug-14 23:30:00	168
20-aug-14 23:35:00	168
20-aug-14 23:40:00	144
20-aug-14 23:45:00	168
20-aug-14 23:50:00	144
20-aug-14 23:55:00	144
21-aug-14 00:00:00	144
21-aug-14 00:05:00	144
21-aug-14 00:10:00	120
21-aug-14 00:15:00	120
21-aug-14 00:20:00	120
21-aug-14 00:25:00	96
21-aug-14 00:30:00	96
21-aug-14 00:35:00	96
21-aug-14 00:40:00	84
21-aug-14 00:45:00	108
21-aug-14 00:50:00	96
21-aug-14 00:55:00	72
21-aug-14 01:00:00	72
21-aug-14 01:05:00	48
21-aug-14 01:10:00	72
21-aug-14 01:15:00	48
21-aug-14 01:20:00	72
21-aug-14 01:25:00	72
21-aug-14 01:30:00	72
21-aug-14 01:35:00	48
21-aug-14 01:40:00	48
21-aug-14 01:45:00	48
21-aug-14 01:50:00	48
21-aug-14 01:55:00	48
21-aug-14 02:00:00	72
21-aug-14 02:05:00	48
21-aug-14 02:10:00	48
21-aug-14 02:15:00	48
21-aug-14 02:20:00	48
21-aug-14 02:25:00	48
21-aug-14 02:30:00	72
21-aug-14 02:35:00	48
21-aug-14 02:40:00	24
21-aug-14 02:45:00	48
21-aug-14 02:50:00	48
21-aug-14 02:55:00	48
21-aug-14 03:00:00	48
21-aug-14 03:05:00	48
21-aug-14 03:10:00	72
21-aug-14 03:15:00	48
21-aug-14 03:20:00	72
21-aug-14 03:25:00	96
21-aug-14 03:30:00	48
21-aug-14 03:35:00	72
21-aug-14 03:40:00	48
21-aug-14 03:45:00	96
21-aug-14 03:50:00	72
21-aug-14 03:55:00	72
21-aug-14 04:00:00	72
21-aug-14 04:05:00	72
21-aug-14 04:10:00	96
21-aug-14 04:15:00	72
21-aug-14 04:20:00	72
21-aug-14 04:25:00	72
21-aug-14 04:30:00	72
21-aug-14 04:35:00	96
21-aug-14 04:40:00	72
21-aug-14 04:45:00	96
21-aug-14 04:50:00	72
21-aug-14 04:55:00	48
21-aug-14 05:00:00	72
21-aug-14 05:05:00	72
21-aug-14 05:10:00	84
21-aug-14 05:15:00	84
21-aug-14 05:20:00	96
21-aug-14 05:25:00	72
21-aug-14 05:30:00	120
21-aug-14 05:35:00	96
21-aug-14 05:40:00	120
21-aug-14 05:45:00	120
21-aug-14 05:50:00	120
21-aug-14 05:55:00	120
21-aug-14 06:00:00	144
21-aug-14 06:05:00	168
21-aug-14 06:10:00	192
21-aug-14 06:15:00	192
21-aug-14 06:20:00	216
21-aug-14 06:25:00	216
21-aug-14 06:30:00	264
21-aug-14 06:35:00	288
21-aug-14 06:40:00	336
21-aug-14 06:45:00	336
21-aug-14 06:50:00	384
21-aug-14 06:55:00	408
21-aug-14 07:00:00	456
21-aug-14 07:05:00	456
21-aug-14 07:10:00	456
21-aug-14 07:15:00	480
21-aug-14 07:20:00	480
21-aug-14 07:25:00	480
21-aug-14 07:30:00	456
21-aug-14 07:35:00	456
21-aug-14 07:40:00	456
21-aug-14 07:45:00	480
21-aug-14 07:50:00	456
21-aug-14 07:55:00	480
21-aug-14 08:00:00	456
21-aug-14 08:05:00	480
21-aug-14 08:10:00	480
21-aug-14 08:15:00	456
21-aug-14 08:20:00	432
21-aug-14 08:25:00	456
21-aug-14 08:30:00	456
21-aug-14 08:35:00	432
21-aug-14 08:40:00	456
21-aug-14 08:45:00	480
21-aug-14 08:50:00	456
21-aug-14 08:55:00	492
21-aug-14 09:00:00	468
21-aug-14 09:05:00	468
21-aug-14 09:10:00	468
21-aug-14 09:15:00	480
21-aug-14 09:20:00	456
21-aug-14 09:25:00	456
21-aug-14 09:30:00	456
21-aug-14 09:35:00	432
21-aug-14 09:40:00	456
21-aug-14 09:45:00	432
21-aug-14 09:50:00	432
21-aug-14 09:55:00	432
21-aug-14 10:00:00	444
21-aug-14 10:05:00	468
21-aug-14 10:10:00	456
21-aug-14 10:15:00	432
21-aug-14 10:20:00	432
21-aug-14 10:25:00	408
21-aug-14 10:30:00	432
21-aug-14 10:35:00	432
21-aug-14 10:40:00	432
21-aug-14 10:45:00	408
21-aug-14 10:50:00	408
21-aug-14 10:55:00	432
21-aug-14 11:00:00	456
21-aug-14 11:05:00	456
21-aug-14 11:10:00	408
21-aug-14 11:15:00	432
21-aug-14 11:20:00	432
21-aug-14 11:25:00	432
21-aug-14 11:30:00	384
21-aug-14 11:35:00	408
21-aug-14 11:40:00	408
21-aug-14 11:45:00	408
21-aug-14 11:50:00	408
21-aug-14 11:55:00	384
21-aug-14 12:00:00	384
21-aug-14 12:05:00	384
21-aug-14 12:10:00	408
21-aug-14 12:15:00	432
21-aug-14 12:20:00	384
21-aug-14 12:25:00	384
21-aug-14 12:30:00	408
21-aug-14 12:35:00	408
21-aug-14 12:40:00	456
21-aug-14 12:45:00	396
21-aug-14 12:50:00	372
21-aug-14 12:55:00	384
21-aug-14 13:00:00	360
21-aug-14 13:05:00	360
21-aug-14 13:10:00	360
21-aug-14 13:15:00	360
21-aug-14 13:20:00	360
21-aug-14 13:25:00	336
21-aug-14 13:30:00	336
21-aug-14 13:35:00	372
21-aug-14 13:40:00	348
21-aug-14 13:45:00	336
21-aug-14 13:50:00	312
21-aug-14 13:55:00	312
21-aug-14 14:00:00	336
21-aug-14 14:05:00	312
21-aug-14 14:10:00	360
21-aug-14 14:15:00	336
21-aug-14 14:20:00	360
21-aug-14 14:25:00	336
21-aug-14 14:30:00	336
21-aug-14 14:35:00	336
21-aug-14 14:40:00	360
21-aug-14 14:45:00	360
21-aug-14 14:50:00	360
21-aug-14 14:55:00	336
21-aug-14 15:00:00	336
21-aug-14 15:05:00	288
21-aug-14 15:10:00	324
21-aug-14 15:15:00	324
21-aug-14 15:20:00	324
21-aug-14 15:25:00	324
21-aug-14 15:30:00	264
21-aug-14 15:35:00	288
21-aug-14 15:40:00	288
21-aug-14 15:45:00	288
21-aug-14 15:50:00	312
21-aug-14 15:55:00	264
21-aug-14 16:00:00	288
21-aug-14 16:05:00	312
21-aug-14 16:10:00	336
21-aug-14 16:15:00	288
21-aug-14 16:20:00	312
21-aug-14 16:25:00	300
21-aug-14 16:30:00	300
21-aug-14 16:35:00	312
21-aug-14 16:40:00	312
21-aug-14 16:45:00	336
21-aug-14 16:50:00	336
21-aug-14 16:55:00	336
21-aug-14 17:00:00	360
21-aug-14 17:05:00	360
21-aug-14 17:10:00	336
21-aug-14 17:15:00	336
21-aug-14 17:20:00	360
21-aug-14 17:25:00	336
21-aug-14 17:30:00	408
21-aug-14 17:35:00	360
21-aug-14 17:40:00	396
21-aug-14 17:45:00	372
21-aug-14 17:50:00	360
21-aug-14 17:55:00	396
21-aug-14 18:00:00	396
21-aug-14 18:05:00	408
21-aug-14 18:10:00	408
21-aug-14 18:15:00	432
21-aug-14 18:20:00	444
21-aug-14 18:25:00	420
21-aug-14 18:30:00	432
21-aug-14 18:35:00	432
21-aug-14 18:40:00	456
21-aug-14 18:45:00	456
21-aug-14 18:50:00	432
21-aug-14 18:55:00	432
21-aug-14 19:00:00	456
21-aug-14 19:05:00	408
21-aug-14 19:10:00	432
21-aug-14 19:15:00	408
21-aug-14 19:20:00	408
21-aug-14 19:25:00	408
21-aug-14 19:30:00	384
21-aug-14 19:35:00	408
21-aug-14 19:40:00	408
21-aug-14 19:45:00	384
21-aug-14 19:50:00	384
21-aug-14 19:55:00	360
21-aug-14 20:00:00	360
21-aug-14 20:05:00	360
21-aug-14 20:10:00	360
21-aug-14 20:15:00	336
21-aug-14 20:20:00	336
21-aug-14 20:25:00	360
21-aug-14 20:30:00	360
21-aug-14 20:35:00	360
21-aug-14 20:40:00	348
21-aug-14 20:45:00	348
21-aug-14 20:50:00	360
21-aug-14 20:55:00	288
21-aug-14 21:00:00	312
21-aug-14 21:05:00	324
21-aug-14 21:10:00	324
21-aug-14 21:15:00	336
21-aug-14 21:20:00	312
21-aug-14 21:25:00	288
21-aug-14 21:30:00	288
21-aug-14 21:35:00	264
21-aug-14 21:40:00	312
21-aug-14 21:45:00	288
21-aug-14 21:50:00	312
21-aug-14 21:55:00	264
21-aug-14 22:00:00	288
21-aug-14 22:05:00	240
21-aug-14 22:10:00	264
21-aug-14 22:15:00	264
21-aug-14 22:20:00	264
21-aug-14 22:25:00	264
21-aug-14 22:30:00	240
21-aug-14 22:35:00	240
21-aug-14 22:40:00	240
21-aug-14 22:45:00	240
21-aug-14 22:50:00	264
21-aug-14 22:55:00	264
21-aug-14 23:00:00	240
21-aug-14 23:05:00	240
21-aug-14 23:10:00	240
21-aug-14 23:15:00	216
21-aug-14 23:20:00	216
21-aug-14 23:25:00	216
21-aug-14 23:30:00	192
21-aug-14 23:35:00	192
21-aug-14 23:40:00	168
21-aug-14 23:45:00	168
21-aug-14 23:50:00	168
21-aug-14 23:55:00	168
27-aug-14 21:35:00	264
27-aug-14 21:40:00	288
27-aug-14 21:45:00	288
27-aug-14 21:50:00	288
27-aug-14 21:55:00	288
27-aug-14 22:00:00	264
27-aug-14 22:05:00	264
27-aug-14 22:10:00	240
27-aug-14 22:15:00	264
27-aug-14 22:20:00	264
27-aug-14 22:25:00	240
27-aug-14 22:30:00	240
27-aug-14 22:35:00	240
27-aug-14 22:40:00	240
27-aug-14 22:45:00	264
27-aug-14 22:50:00	264
27-aug-14 22:55:00	252
27-aug-14 23:00:00	252
27-aug-14 23:05:00	216
27-aug-14 23:10:00	192
27-aug-14 23:15:00	192
27-aug-14 23:20:00	192
27-aug-14 23:25:00	192
27-aug-14 23:30:00	144
27-aug-14 23:35:00	168
27-aug-14 23:40:00	168
27-aug-14 23:45:00	144
27-aug-14 23:50:00	144
27-aug-14 23:55:00	168
28-aug-14 00:00:00	144
28-aug-14 00:05:00	144
28-aug-14 00:10:00	144
28-aug-14 00:15:00	120
28-aug-14 00:20:00	120
28-aug-14 00:25:00	96
28-aug-14 00:30:00	120
28-aug-14 00:35:00	72
28-aug-14 00:40:00	96
28-aug-14 00:45:00	72
28-aug-14 00:50:00	72
28-aug-14 00:55:00	96
28-aug-14 01:00:00	48
28-aug-14 01:05:00	72
28-aug-14 01:10:00	72
28-aug-14 01:15:00	72
28-aug-14 01:20:00	48
28-aug-14 01:25:00	72
28-aug-14 01:30:00	72
28-aug-14 01:35:00	48
28-aug-14 01:40:00	72
28-aug-14 01:45:00	48
28-aug-14 01:50:00	48
28-aug-14 01:55:00	72
28-aug-14 02:00:00	48
28-aug-14 02:05:00	48
28-aug-14 02:10:00	48
28-aug-14 02:15:00	48
28-aug-14 02:20:00	72
28-aug-14 02:25:00	48
28-aug-14 02:30:00	48
28-aug-14 02:35:00	48
28-aug-14 02:40:00	24
28-aug-14 02:45:00	48
28-aug-14 02:50:00	48
28-aug-14 02:55:00	48
28-aug-14 03:00:00	48
28-aug-14 03:05:00	72
28-aug-14 03:10:00	48
28-aug-14 03:15:00	72
28-aug-14 03:20:00	72
28-aug-14 03:25:00	72
28-aug-14 03:30:00	72
28-aug-14 03:35:00	72
28-aug-14 03:40:00	72
28-aug-14 03:45:00	48
28-aug-14 03:50:00	72
28-aug-14 03:55:00	72
28-aug-14 04:00:00	48
28-aug-14 04:05:00	72
28-aug-14 04:10:00	48
28-aug-14 04:15:00	72
28-aug-14 04:20:00	48
28-aug-14 04:25:00	72
28-aug-14 04:30:00	48
28-aug-14 04:35:00	72
28-aug-14 04:40:00	72
28-aug-14 04:45:00	72
28-aug-14 04:50:00	24
28-aug-14 04:55:00	48
28-aug-14 05:00:00	48
28-aug-14 05:05:00	72
28-aug-14 05:10:00	72
28-aug-14 05:15:00	48
28-aug-14 05:20:00	72
28-aug-14 05:25:00	48
28-aug-14 05:30:00	72
28-aug-14 05:35:00	96
28-aug-14 05:40:00	96
28-aug-14 05:45:00	120
28-aug-14 05:50:00	96
28-aug-14 05:55:00	144
28-aug-14 06:00:00	120
28-aug-14 06:05:00	168
28-aug-14 06:10:00	216
28-aug-14 06:15:00	192
28-aug-14 06:20:00	216
28-aug-14 06:25:00	216
28-aug-14 06:30:00	240
28-aug-14 06:35:00	312
28-aug-14 06:40:00	288
28-aug-14 06:45:00	336
28-aug-14 06:50:00	360
28-aug-14 06:55:00	384
28-aug-14 07:00:00	384
28-aug-14 07:05:00	456
28-aug-14 07:10:00	480
28-aug-14 07:15:00	432
28-aug-14 07:20:00	480
28-aug-14 07:25:00	456
28-aug-14 07:30:00	456
28-aug-14 07:35:00	480
28-aug-14 07:40:00	480
28-aug-14 07:45:00	480
28-aug-14 07:50:00	456
28-aug-14 07:55:00	480
28-aug-14 08:00:00	456
28-aug-14 08:05:00	456
28-aug-14 08:10:00	456
28-aug-14 08:15:00	432
28-aug-14 08:20:00	456
28-aug-14 08:25:00	432
28-aug-14 08:30:00	444
28-aug-14 08:35:00	444
28-aug-14 08:40:00	456
28-aug-14 08:45:00	456
28-aug-14 08:50:00	456
28-aug-14 08:55:00	456
28-aug-14 09:00:00	480
28-aug-14 09:05:00	456
28-aug-14 09:10:00	432
28-aug-14 09:15:00	432
28-aug-14 09:20:00	456
28-aug-14 09:25:00	432
28-aug-14 09:30:00	456
28-aug-14 09:35:00	432
28-aug-14 09:40:00	528
28-aug-14 09:45:00	528
28-aug-14 09:50:00	528
28-aug-14 09:55:00	480
28-aug-14 10:00:00	480
28-aug-14 10:05:00	408
28-aug-14 10:10:00	408
28-aug-14 10:15:00	432
28-aug-14 10:20:00	432
28-aug-14 10:25:00	408
28-aug-14 10:30:00	432
28-aug-14 10:35:00	468
28-aug-14 10:40:00	396
28-aug-14 10:45:00	408
28-aug-14 10:50:00	432
28-aug-14 10:55:00	432
28-aug-14 11:00:00	468
28-aug-14 11:05:00	396
28-aug-14 11:10:00	432
28-aug-14 11:15:00	408
28-aug-14 11:20:00	384
28-aug-14 11:25:00	384
28-aug-14 11:30:00	384
28-aug-14 11:35:00	360
28-aug-14 11:40:00	360
28-aug-14 11:45:00	384
28-aug-14 11:50:00	384
28-aug-14 11:55:00	384
28-aug-14 12:00:00	384
28-aug-14 12:05:00	360
28-aug-14 12:10:00	408
28-aug-14 12:15:00	456
28-aug-14 12:20:00	360
28-aug-14 12:25:00	408
28-aug-14 12:30:00	408
28-aug-14 12:35:00	360
28-aug-14 12:40:00	432
28-aug-14 12:45:00	396
28-aug-14 12:50:00	372
28-aug-14 12:55:00	432
28-aug-14 13:00:00	408
28-aug-14 13:05:00	384
28-aug-14 13:10:00	384
28-aug-14 13:15:00	384
28-aug-14 13:20:00	312
28-aug-14 13:25:00	348
28-aug-14 13:30:00	348
28-aug-14 13:35:00	324
28-aug-14 13:40:00	324
28-aug-14 13:45:00	312
28-aug-14 13:50:00	312
28-aug-14 13:55:00	312
28-aug-14 14:00:00	336
28-aug-14 14:05:00	312
28-aug-14 14:10:00	312
28-aug-14 14:15:00	336
28-aug-14 14:20:00	288
28-aug-14 14:25:00	312
28-aug-14 14:30:00	288
28-aug-14 14:35:00	288
28-aug-14 14:40:00	312
28-aug-14 14:45:00	312
28-aug-14 14:50:00	312
28-aug-14 14:55:00	312
28-aug-14 15:00:00	288
28-aug-14 15:05:00	312
28-aug-14 15:10:00	264
28-aug-14 15:15:00	312
28-aug-14 15:20:00	264
28-aug-14 15:25:00	288
28-aug-14 15:30:00	312
28-aug-14 15:35:00	288
28-aug-14 15:40:00	288
28-aug-14 15:45:00	264
28-aug-14 15:50:00	288
28-aug-14 15:55:00	264
28-aug-14 16:00:00	300
28-aug-14 16:05:00	300
28-aug-14 16:10:00	288
28-aug-14 16:15:00	288
28-aug-14 16:20:00	312
28-aug-14 16:25:00	312
28-aug-14 16:30:00	312
28-aug-14 16:35:00	336
28-aug-14 16:40:00	312
28-aug-14 16:45:00	336
28-aug-14 16:50:00	336
28-aug-14 16:55:00	336
28-aug-14 17:00:00	360
28-aug-14 17:05:00	336
28-aug-14 17:10:00	324
28-aug-14 17:15:00	324
28-aug-14 17:20:00	360
28-aug-14 17:25:00	360
28-aug-14 17:30:00	336
28-aug-14 17:35:00	336
28-aug-14 17:40:00	336
28-aug-14 17:45:00	360
28-aug-14 17:50:00	360
28-aug-14 17:55:00	384
28-aug-14 18:00:00	360
28-aug-14 18:05:00	336
28-aug-14 18:10:00	384
28-aug-14 18:15:00	360
28-aug-14 18:20:00	384
28-aug-14 18:25:00	384
28-aug-14 18:30:00	384
28-aug-14 18:35:00	408
28-aug-14 18:40:00	432
28-aug-14 18:45:00	408
28-aug-14 18:50:00	432
28-aug-14 18:55:00	432
28-aug-14 19:00:00	408
28-aug-14 19:05:00	432
28-aug-14 19:10:00	384
28-aug-14 19:15:00	408
28-aug-14 19:20:00	384
28-aug-14 19:25:00	408
28-aug-14 19:30:00	360
28-aug-14 19:35:00	360
28-aug-14 19:40:00	384
28-aug-14 19:45:00	360
28-aug-14 19:50:00	360
28-aug-14 19:55:00	384
28-aug-14 20:00:00	336
28-aug-14 20:05:00	312
28-aug-14 20:10:00	336
28-aug-14 20:15:00	312
28-aug-14 20:20:00	312
28-aug-14 20:25:00	336
28-aug-14 20:30:00	336
28-aug-14 20:35:00	312
28-aug-14 20:40:00	312
28-aug-14 20:45:00	312
28-aug-14 20:50:00	288
28-aug-14 20:55:00	312
28-aug-14 21:00:00	288
28-aug-14 21:05:00	288
28-aug-14 21:10:00	312
28-aug-14 21:15:00	300
28-aug-14 21:20:00	300
28-aug-14 21:25:00	288
28-aug-14 21:30:00	264
28-aug-14 21:35:00	264
28-aug-14 21:40:00	264
28-aug-14 21:45:00	240
28-aug-14 21:50:00	264
28-aug-14 21:55:00	264
28-aug-14 22:00:00	240
28-aug-14 22:05:00	240
28-aug-14 22:10:00	228
28-aug-14 22:15:00	228
28-aug-14 22:20:00	264
28-aug-14 22:25:00	264
28-aug-14 22:30:00	264
28-aug-14 22:35:00	264
28-aug-14 22:40:00	240
28-aug-14 22:45:00	216
28-aug-14 22:50:00	216
28-aug-14 22:55:00	252
28-aug-14 23:00:00	252
28-aug-14 23:05:00	240
28-aug-14 23:10:00	192
28-aug-14 23:15:00	192
28-aug-14 23:20:00	192
28-aug-14 23:25:00	192
28-aug-14 23:30:00	192
28-aug-14 23:35:00	168
28-aug-14 23:40:00	168
28-aug-14 23:45:00	144
28-aug-14 23:50:00	168
28-aug-14 23:55:00	144
03-sep-14 21:35:00	312
03-sep-14 21:40:00	288
03-sep-14 21:45:00	288
03-sep-14 21:50:00	312
03-sep-14 21:55:00	312
03-sep-14 22:00:00	288
03-sep-14 22:05:00	264
03-sep-14 22:10:00	264
03-sep-14 22:15:00	264
03-sep-14 22:20:00	276
03-sep-14 22:25:00	276
03-sep-14 22:30:00	264
03-sep-14 22:35:00	288
03-sep-14 22:40:00	264
03-sep-14 22:45:00	252
03-sep-14 22:50:00	252
03-sep-14 22:55:00	240
03-sep-14 23:00:00	240
03-sep-14 23:05:00	240
03-sep-14 23:10:00	216
03-sep-14 23:15:00	216
03-sep-14 23:20:00	192
03-sep-14 23:25:00	216
03-sep-14 23:30:00	168
03-sep-14 23:35:00	168
03-sep-14 23:40:00	168
03-sep-14 23:45:00	168
03-sep-14 23:50:00	144
03-sep-14 23:55:00	144
04-sep-14 00:00:00	144
04-sep-14 00:05:00	120
04-sep-14 00:10:00	144
04-sep-14 00:15:00	96
04-sep-14 00:20:00	120
04-sep-14 00:25:00	96
04-sep-14 00:30:00	120
04-sep-14 00:35:00	96
04-sep-14 00:40:00	96
04-sep-14 00:45:00	96
04-sep-14 00:50:00	96
04-sep-14 00:55:00	72
04-sep-14 01:00:00	96
04-sep-14 01:05:00	72
04-sep-14 01:10:00	48
04-sep-14 01:15:00	96
04-sep-14 01:20:00	48
04-sep-14 01:25:00	72
04-sep-14 01:30:00	72
04-sep-14 01:35:00	48
04-sep-14 01:40:00	48
04-sep-14 01:45:00	48
04-sep-14 01:50:00	72
04-sep-14 01:55:00	48
04-sep-14 02:00:00	48
04-sep-14 02:05:00	48
04-sep-14 02:10:00	48
04-sep-14 02:15:00	48
04-sep-14 02:20:00	48
04-sep-14 02:25:00	48
04-sep-14 02:30:00	48
04-sep-14 02:35:00	48
04-sep-14 02:40:00	48
04-sep-14 02:45:00	48
04-sep-14 02:50:00	48
04-sep-14 02:55:00	48
04-sep-14 03:00:00	24
04-sep-14 03:05:00	48
04-sep-14 03:10:00	72
04-sep-14 03:15:00	48
04-sep-14 03:20:00	72
04-sep-14 03:25:00	72
04-sep-14 03:30:00	72
04-sep-14 03:35:00	48
04-sep-14 03:40:00	72
04-sep-14 03:45:00	72
04-sep-14 03:50:00	72
04-sep-14 03:55:00	72
04-sep-14 04:00:00	48
04-sep-14 04:05:00	72
04-sep-14 04:10:00	72
04-sep-14 04:15:00	72
04-sep-14 04:20:00	72
04-sep-14 04:25:00	72
04-sep-14 04:30:00	72
04-sep-14 04:35:00	96
04-sep-14 04:40:00	72
04-sep-14 04:45:00	72
04-sep-14 04:50:00	72
04-sep-14 04:55:00	72
04-sep-14 05:00:00	96
04-sep-14 05:05:00	72
04-sep-14 05:10:00	48
04-sep-14 05:15:00	72
04-sep-14 05:20:00	72
04-sep-14 05:25:00	72
04-sep-14 05:30:00	72
04-sep-14 05:35:00	96
04-sep-14 05:40:00	96
04-sep-14 05:45:00	120
04-sep-14 05:50:00	120
04-sep-14 05:55:00	120
04-sep-14 06:00:00	120
04-sep-14 06:05:00	168
04-sep-14 06:10:00	192
04-sep-14 06:15:00	192
04-sep-14 06:20:00	216
04-sep-14 06:25:00	216
04-sep-14 06:30:00	288
04-sep-14 06:35:00	264
04-sep-14 06:40:00	336
04-sep-14 06:45:00	336
04-sep-14 06:50:00	384
04-sep-14 06:55:00	408
04-sep-14 07:00:00	432
04-sep-14 07:05:00	456
04-sep-14 07:10:00	480
04-sep-14 07:15:00	456
04-sep-14 07:20:00	456
04-sep-14 07:25:00	456
04-sep-14 07:30:00	480
04-sep-14 07:35:00	432
04-sep-14 07:40:00	456
04-sep-14 07:45:00	432
04-sep-14 07:50:00	480
04-sep-14 07:55:00	408
04-sep-14 08:00:00	456
04-sep-14 08:05:00	456
04-sep-14 08:10:00	456
04-sep-14 08:15:00	456
04-sep-14 08:20:00	408
04-sep-14 08:25:00	432
04-sep-14 08:30:00	432
04-sep-14 08:35:00	456
04-sep-14 08:40:00	432
04-sep-14 08:45:00	432
04-sep-14 08:50:00	480
04-sep-14 08:55:00	456
04-sep-14 09:00:00	504
04-sep-14 09:05:00	504
04-sep-14 09:10:00	480
04-sep-14 09:15:00	432
04-sep-14 09:20:00	432
04-sep-14 09:25:00	456
04-sep-14 09:30:00	432
04-sep-14 09:35:00	432
04-sep-14 09:40:00	408
04-sep-14 09:45:00	432
04-sep-14 09:50:00	432
04-sep-14 09:55:00	408
04-sep-14 10:00:00	432
04-sep-14 10:05:00	384
04-sep-14 10:10:00	384
04-sep-14 10:15:00	384
04-sep-14 10:20:00	384
04-sep-14 10:25:00	384
04-sep-14 10:30:00	384
04-sep-14 10:35:00	384
04-sep-14 10:40:00	384
04-sep-14 10:45:00	384
04-sep-14 10:50:00	384
04-sep-14 10:55:00	384
04-sep-14 11:00:00	384
04-sep-14 11:05:00	384
04-sep-14 11:10:00	372
04-sep-14 11:15:00	396
04-sep-14 11:20:00	360
04-sep-14 11:25:00	384
04-sep-14 11:30:00	384
04-sep-14 11:35:00	360
04-sep-14 11:40:00	384
04-sep-14 11:45:00	336
04-sep-14 11:50:00	360
04-sep-14 11:55:00	360
04-sep-14 12:00:00	360
04-sep-14 12:05:00	360
04-sep-14 12:10:00	384
04-sep-14 12:15:00	336
04-sep-14 12:20:00	360
04-sep-14 12:25:00	336
04-sep-14 12:30:00	360
04-sep-14 12:35:00	360
04-sep-14 12:40:00	360
04-sep-14 12:45:00	384
04-sep-14 12:50:00	360
04-sep-14 12:55:00	360
04-sep-14 13:00:00	384
04-sep-14 13:05:00	336
04-sep-14 13:10:00	324
04-sep-14 13:15:00	336
04-sep-14 13:20:00	324
04-sep-14 13:25:00	336
04-sep-14 13:30:00	360
04-sep-14 13:35:00	336
04-sep-14 13:40:00	312
04-sep-14 13:45:00	336
04-sep-14 13:50:00	312
04-sep-14 13:55:00	312
04-sep-14 14:00:00	288
04-sep-14 14:05:00	288
04-sep-14 14:10:00	288
04-sep-14 14:15:00	288
04-sep-14 14:20:00	312
04-sep-14 14:25:00	312
04-sep-14 14:30:00	312
04-sep-14 14:35:00	288
04-sep-14 14:40:00	312
04-sep-14 14:45:00	312
04-sep-14 14:50:00	288
04-sep-14 14:55:00	288
04-sep-14 15:00:00	300
04-sep-14 15:05:00	276
04-sep-14 15:10:00	288
04-sep-14 15:15:00	288
04-sep-14 15:20:00	288
04-sep-14 15:25:00	312
04-sep-14 15:30:00	288
04-sep-14 15:35:00	288
04-sep-14 15:40:00	288
04-sep-14 15:45:00	288
04-sep-14 15:50:00	264
04-sep-14 15:55:00	288
04-sep-14 16:00:00	288
04-sep-14 16:05:00	276
04-sep-14 16:10:00	276
04-sep-14 16:15:00	312
04-sep-14 16:20:00	264
04-sep-14 16:25:00	288
04-sep-14 16:30:00	288
04-sep-14 16:35:00	312
04-sep-14 16:40:00	288
04-sep-14 16:45:00	336
04-sep-14 16:50:00	324
04-sep-14 16:55:00	300
04-sep-14 17:00:00	336
04-sep-14 17:05:00	336
04-sep-14 17:10:00	336
04-sep-14 17:15:00	336
04-sep-14 17:20:00	336
04-sep-14 17:25:00	336
04-sep-14 17:30:00	336
04-sep-14 17:35:00	360
04-sep-14 17:40:00	360
04-sep-14 17:45:00	360
04-sep-14 17:50:00	360
04-sep-14 17:55:00	336
04-sep-14 18:00:00	384
04-sep-14 18:05:00	360
04-sep-14 18:10:00	360
04-sep-14 18:15:00	384
04-sep-14 18:20:00	408
04-sep-14 18:25:00	384
04-sep-14 18:30:00	384
04-sep-14 18:35:00	432
04-sep-14 18:40:00	408
04-sep-14 18:45:00	408
04-sep-14 18:50:00	432
04-sep-14 18:55:00	408
04-sep-14 19:00:00	432
04-sep-14 19:05:00	408
04-sep-14 19:10:00	408
04-sep-14 19:15:00	408
04-sep-14 19:20:00	432
04-sep-14 19:25:00	408
04-sep-14 19:30:00	384
04-sep-14 19:35:00	360
04-sep-14 19:40:00	360
04-sep-14 19:45:00	384
04-sep-14 19:50:00	384
04-sep-14 19:55:00	360
04-sep-14 20:00:00	336
04-sep-14 20:05:00	312
04-sep-14 20:10:00	336
04-sep-14 20:15:00	336
04-sep-14 20:20:00	336
04-sep-14 20:25:00	312
04-sep-14 20:30:00	336
04-sep-14 20:35:00	336
04-sep-14 20:40:00	336
04-sep-14 20:45:00	288
04-sep-14 20:50:00	336
04-sep-14 20:55:00	312
04-sep-14 21:00:00	288
04-sep-14 21:05:00	288
04-sep-14 21:10:00	264
04-sep-14 21:15:00	312
04-sep-14 21:20:00	288
04-sep-14 21:25:00	264
04-sep-14 21:30:00	264
04-sep-14 21:35:00	264
04-sep-14 21:40:00	264
04-sep-14 21:45:00	264
04-sep-14 21:50:00	288
04-sep-14 21:55:00	240
04-sep-14 22:00:00	240
04-sep-14 22:05:00	216
04-sep-14 22:10:00	264
04-sep-14 22:15:00	240
04-sep-14 22:20:00	264
04-sep-14 22:25:00	264
04-sep-14 22:30:00	240
04-sep-14 22:35:00	264
04-sep-14 22:40:00	276
04-sep-14 22:45:00	252
04-sep-14 22:50:00	240
04-sep-14 22:55:00	264
04-sep-14 23:00:00	240
04-sep-14 23:05:00	240
04-sep-14 23:10:00	216
04-sep-14 23:15:00	192
04-sep-14 23:20:00	168
04-sep-14 23:25:00	168
04-sep-14 23:30:00	168
04-sep-14 23:35:00	192
04-sep-14 23:40:00	168
04-sep-14 23:45:00	168
04-sep-14 23:50:00	144
04-sep-14 23:55:00	168
10-sep-14 21:35:00	264
10-sep-14 21:40:00	240
10-sep-14 21:45:00	288
10-sep-14 21:50:00	288
10-sep-14 21:55:00	288
10-sep-14 22:00:00	264
10-sep-14 22:05:00	240
10-sep-14 22:10:00	264
10-sep-14 22:15:00	288
10-sep-14 22:20:00	264
10-sep-14 22:25:00	264
10-sep-14 22:30:00	264
10-sep-14 22:35:00	288
10-sep-14 22:40:00	264
10-sep-14 22:45:00	264
10-sep-14 22:50:00	240
10-sep-14 22:55:00	264
10-sep-14 23:00:00	240
10-sep-14 23:05:00	240
10-sep-14 23:10:00	216
10-sep-14 23:15:00	192
10-sep-14 23:20:00	192
10-sep-14 23:25:00	192
10-sep-14 23:30:00	168
10-sep-14 23:35:00	168
10-sep-14 23:40:00	144
10-sep-14 23:45:00	144
10-sep-14 23:50:00	144
10-sep-14 23:55:00	144
11-sep-14 00:00:00	144
11-sep-14 00:05:00	120
11-sep-14 00:10:00	120
11-sep-14 00:15:00	96
11-sep-14 00:20:00	120
11-sep-14 00:25:00	96
11-sep-14 00:30:00	96
11-sep-14 00:35:00	96
11-sep-14 00:40:00	72
11-sep-14 00:45:00	72
11-sep-14 00:50:00	72
11-sep-14 00:55:00	72
11-sep-14 01:00:00	72
11-sep-14 01:05:00	96
11-sep-14 01:10:00	72
11-sep-14 01:15:00	72
11-sep-14 01:20:00	48
11-sep-14 01:25:00	72
11-sep-14 01:30:00	72
11-sep-14 01:35:00	48
11-sep-14 01:40:00	72
11-sep-14 01:45:00	48
11-sep-14 01:50:00	48
11-sep-14 01:55:00	72
11-sep-14 02:00:00	48
11-sep-14 02:05:00	48
11-sep-14 02:10:00	48
11-sep-14 02:15:00	48
11-sep-14 02:20:00	48
11-sep-14 02:25:00	48
11-sep-14 02:30:00	24
11-sep-14 02:35:00	48
11-sep-14 02:40:00	48
11-sep-14 02:45:00	48
11-sep-14 02:50:00	48
11-sep-14 02:55:00	48
11-sep-14 03:00:00	24
11-sep-14 03:05:00	48
11-sep-14 03:10:00	48
11-sep-14 03:15:00	72
11-sep-14 03:20:00	48
11-sep-14 03:25:00	72
11-sep-14 03:30:00	72
11-sep-14 03:35:00	72
11-sep-14 03:40:00	72
11-sep-14 03:45:00	48
11-sep-14 03:50:00	72
11-sep-14 03:55:00	72
11-sep-14 04:00:00	72
11-sep-14 04:05:00	72
11-sep-14 04:10:00	72
11-sep-14 04:15:00	48
11-sep-14 04:20:00	72
11-sep-14 04:25:00	48
11-sep-14 04:30:00	72
11-sep-14 04:35:00	96
11-sep-14 04:40:00	48
11-sep-14 04:45:00	48
11-sep-14 04:50:00	48
11-sep-14 04:55:00	72
11-sep-14 05:00:00	48
11-sep-14 05:05:00	72
11-sep-14 05:10:00	48
11-sep-14 05:15:00	72
11-sep-14 05:20:00	96
11-sep-14 05:25:00	72
11-sep-14 05:30:00	96
11-sep-14 05:35:00	72
11-sep-14 05:40:00	72
11-sep-14 05:45:00	96
11-sep-14 05:50:00	120
11-sep-14 05:55:00	144
11-sep-14 06:00:00	144
11-sep-14 06:05:00	168
11-sep-14 06:10:00	168
11-sep-14 06:15:00	216
11-sep-14 06:20:00	216
11-sep-14 06:25:00	240
11-sep-14 06:30:00	264
11-sep-14 06:35:00	264
11-sep-14 06:40:00	312
11-sep-14 06:45:00	360
11-sep-14 06:50:00	360
11-sep-14 06:55:00	384
11-sep-14 07:00:00	444
11-sep-14 07:05:00	468
11-sep-14 07:10:00	480
11-sep-14 07:15:00	456
11-sep-14 07:20:00	480
11-sep-14 07:25:00	480
11-sep-14 07:30:00	468
11-sep-14 07:35:00	468
11-sep-14 07:40:00	504
11-sep-14 07:45:00	468
11-sep-14 07:50:00	444
11-sep-14 07:55:00	480
11-sep-14 08:00:00	456
11-sep-14 08:05:00	480
11-sep-14 08:10:00	456
11-sep-14 08:15:00	444
11-sep-14 08:20:00	420
11-sep-14 08:25:00	408
11-sep-14 08:30:00	408
11-sep-14 08:35:00	408
11-sep-14 08:40:00	432
11-sep-14 08:45:00	408
11-sep-14 08:50:00	432
11-sep-14 08:55:00	456
11-sep-14 09:00:00	432
11-sep-14 09:05:00	456
11-sep-14 09:10:00	432
11-sep-14 09:15:00	456
11-sep-14 09:20:00	432
11-sep-14 09:25:00	432
11-sep-14 09:30:00	456
11-sep-14 09:35:00	432
11-sep-14 09:40:00	408
11-sep-14 09:45:00	408
11-sep-14 09:50:00	432
11-sep-14 09:55:00	408
11-sep-14 10:00:00	456
11-sep-14 10:05:00	408
11-sep-14 10:10:00	408
11-sep-14 10:15:00	384
11-sep-14 10:20:00	384
11-sep-14 10:25:00	384
11-sep-14 10:30:00	384
11-sep-14 10:35:00	384
11-sep-14 10:40:00	384
11-sep-14 10:45:00	384
11-sep-14 10:50:00	384
11-sep-14 10:55:00	384
11-sep-14 11:00:00	408
11-sep-14 11:05:00	384
11-sep-14 11:10:00	384
11-sep-14 11:15:00	360
11-sep-14 11:20:00	360
11-sep-14 11:25:00	384
11-sep-14 11:30:00	384
11-sep-14 11:35:00	360
11-sep-14 11:40:00	360
11-sep-14 11:45:00	336
11-sep-14 11:50:00	384
11-sep-14 11:55:00	360
11-sep-14 12:00:00	384
11-sep-14 12:05:00	336
11-sep-14 12:10:00	360
11-sep-14 12:15:00	336
11-sep-14 12:20:00	360
11-sep-14 12:25:00	336
11-sep-14 12:30:00	384
11-sep-14 12:35:00	336
11-sep-14 12:40:00	336
11-sep-14 12:45:00	336
11-sep-14 12:50:00	372
11-sep-14 12:55:00	372
11-sep-14 13:00:00	336
11-sep-14 13:05:00	360
11-sep-14 13:10:00	360
11-sep-14 13:15:00	360
11-sep-14 13:20:00	336
11-sep-14 13:25:00	336
11-sep-14 13:30:00	336
11-sep-14 13:35:00	336
11-sep-14 13:40:00	336
11-sep-14 13:45:00	312
11-sep-14 13:50:00	312
11-sep-14 13:55:00	312
11-sep-14 14:00:00	348
11-sep-14 14:05:00	348
11-sep-14 14:10:00	312
11-sep-14 14:15:00	312
11-sep-14 14:20:00	336
11-sep-14 14:25:00	288
11-sep-14 14:30:00	312
11-sep-14 14:35:00	288
11-sep-14 14:40:00	312
11-sep-14 14:45:00	312
11-sep-14 14:50:00	312
11-sep-14 14:55:00	288
11-sep-14 15:00:00	288
11-sep-14 15:05:00	312
11-sep-14 15:10:00	288
11-sep-14 15:15:00	264
11-sep-14 15:20:00	264
11-sep-14 15:25:00	300
11-sep-14 15:30:00	300
11-sep-14 15:35:00	288
11-sep-14 15:40:00	312
11-sep-14 15:45:00	288
11-sep-14 15:50:00	288
11-sep-14 15:55:00	288
11-sep-14 16:00:00	288
11-sep-14 16:05:00	276
11-sep-14 16:10:00	276
11-sep-14 16:15:00	264
11-sep-14 16:20:00	288
11-sep-14 16:25:00	288
11-sep-14 16:30:00	288
11-sep-14 16:35:00	288
11-sep-14 16:40:00	312
11-sep-14 16:45:00	288
11-sep-14 16:50:00	312
11-sep-14 16:55:00	312
11-sep-14 17:00:00	336
11-sep-14 17:05:00	312
11-sep-14 17:10:00	312
11-sep-14 17:15:00	336
11-sep-14 17:20:00	360
11-sep-14 17:25:00	336
11-sep-14 17:30:00	360
11-sep-14 17:35:00	360
11-sep-14 17:40:00	360
11-sep-14 17:45:00	384
11-sep-14 17:50:00	384
11-sep-14 17:55:00	360
11-sep-14 18:00:00	384
11-sep-14 18:05:00	360
11-sep-14 18:10:00	384
11-sep-14 18:15:00	408
11-sep-14 18:20:00	408
11-sep-14 18:25:00	432
11-sep-14 18:30:00	408
11-sep-14 18:35:00	432
11-sep-14 18:40:00	408
11-sep-14 18:45:00	432
11-sep-14 18:50:00	456
11-sep-14 18:55:00	444
11-sep-14 19:00:00	444
11-sep-14 19:05:00	432
11-sep-14 19:10:00	432
11-sep-14 19:15:00	408
11-sep-14 19:20:00	408
11-sep-14 19:25:00	384
11-sep-14 19:30:00	384
11-sep-14 19:35:00	384
11-sep-14 19:40:00	336
11-sep-14 19:45:00	384
11-sep-14 19:50:00	384
11-sep-14 19:55:00	360
11-sep-14 20:00:00	336
11-sep-14 20:05:00	312
11-sep-14 20:10:00	312
11-sep-14 20:15:00	312
11-sep-14 20:20:00	312
11-sep-14 20:25:00	336
11-sep-14 20:30:00	312
11-sep-14 20:35:00	336
11-sep-14 20:40:00	288
11-sep-14 20:45:00	312
11-sep-14 20:50:00	312
11-sep-14 20:55:00	288
11-sep-14 21:00:00	264
11-sep-14 21:05:00	264
11-sep-14 21:10:00	240
11-sep-14 21:15:00	264
11-sep-14 21:20:00	288
11-sep-14 21:25:00	240
11-sep-14 21:30:00	264
11-sep-14 21:35:00	240
11-sep-14 21:40:00	288
11-sep-14 21:45:00	288
11-sep-14 21:50:00	264
11-sep-14 21:55:00	264
11-sep-14 22:00:00	264
11-sep-14 22:05:00	312
11-sep-14 22:10:00	264
11-sep-14 22:15:00	288
11-sep-14 22:20:00	312
11-sep-14 22:25:00	288
11-sep-14 22:30:00	264
11-sep-14 22:35:00	288
11-sep-14 22:40:00	240
11-sep-14 22:45:00	264
11-sep-14 22:50:00	240
11-sep-14 22:55:00	240
11-sep-14 23:00:00	216
11-sep-14 23:05:00	240
11-sep-14 23:10:00	216
11-sep-14 23:15:00	192
11-sep-14 23:20:00	216
11-sep-14 23:25:00	168
11-sep-14 23:30:00	192
11-sep-14 23:35:00	168
11-sep-14 23:40:00	144
11-sep-14 23:45:00	168
11-sep-14 23:50:00	144
11-sep-14 23:55:00	144
17-sep-14 21:35:00	336
17-sep-14 21:40:00	288
17-sep-14 21:45:00	300
17-sep-14 21:50:00	276
17-sep-14 21:55:00	264
17-sep-14 22:00:00	240
17-sep-14 22:05:00	264
17-sep-14 22:10:00	240
17-sep-14 22:15:00	264
17-sep-14 22:20:00	264
17-sep-14 22:25:00	240
17-sep-14 22:30:00	240
17-sep-14 22:35:00	264
17-sep-14 22:40:00	288
17-sep-14 22:45:00	264
17-sep-14 22:50:00	264
17-sep-14 22:55:00	252
17-sep-14 23:00:00	276
17-sep-14 23:05:00	264
17-sep-14 23:10:00	240
17-sep-14 23:15:00	216
17-sep-14 23:20:00	216
17-sep-14 23:25:00	192
17-sep-14 23:30:00	168
17-sep-14 23:35:00	168
17-sep-14 23:40:00	168
17-sep-14 23:45:00	144
17-sep-14 23:50:00	144
17-sep-14 23:55:00	168
18-sep-14 00:00:00	144
18-sep-14 00:05:00	144
18-sep-14 00:10:00	132
18-sep-14 00:15:00	132
18-sep-14 00:20:00	120
18-sep-14 00:25:00	96
18-sep-14 00:30:00	96
18-sep-14 00:35:00	96
18-sep-14 00:40:00	96
18-sep-14 00:45:00	96
18-sep-14 00:50:00	96
18-sep-14 00:55:00	72
18-sep-14 01:00:00	72
18-sep-14 01:05:00	72
18-sep-14 01:10:00	96
18-sep-14 01:15:00	72
18-sep-14 01:20:00	72
18-sep-14 01:25:00	48
18-sep-14 01:30:00	72
18-sep-14 01:35:00	72
18-sep-14 01:40:00	48
18-sep-14 01:45:00	72
18-sep-14 01:50:00	48
18-sep-14 01:55:00	48
18-sep-14 02:00:00	72
18-sep-14 02:05:00	48
18-sep-14 02:10:00	48
18-sep-14 02:15:00	48
18-sep-14 02:20:00	48
18-sep-14 02:25:00	72
18-sep-14 02:30:00	48
18-sep-14 02:35:00	48
18-sep-14 02:40:00	48
18-sep-14 02:45:00	48
18-sep-14 02:50:00	48
18-sep-14 02:55:00	48
18-sep-14 03:00:00	72
18-sep-14 03:05:00	24
18-sep-14 03:10:00	48
18-sep-14 03:15:00	48
18-sep-14 03:20:00	72
18-sep-14 03:25:00	72
18-sep-14 03:30:00	72
18-sep-14 03:35:00	72
18-sep-14 03:40:00	48
18-sep-14 03:45:00	72
18-sep-14 03:50:00	72
18-sep-14 03:55:00	72
18-sep-14 04:00:00	72
18-sep-14 04:05:00	72
18-sep-14 04:10:00	72
18-sep-14 04:15:00	72
18-sep-14 04:20:00	84
18-sep-14 04:25:00	84
18-sep-14 04:30:00	72
18-sep-14 04:35:00	72
18-sep-14 04:40:00	72
18-sep-14 04:45:00	72
18-sep-14 04:50:00	48
18-sep-14 04:55:00	72
18-sep-14 05:00:00	48
18-sep-14 05:05:00	72
18-sep-14 05:10:00	72
18-sep-14 05:15:00	72
18-sep-14 05:20:00	96
18-sep-14 05:25:00	72
18-sep-14 05:30:00	96
18-sep-14 05:35:00	96
18-sep-14 05:40:00	120
18-sep-14 05:45:00	120
18-sep-14 05:50:00	120
18-sep-14 05:55:00	120
18-sep-14 06:00:00	144
18-sep-14 06:05:00	192
18-sep-14 06:10:00	192
18-sep-14 06:15:00	216
18-sep-14 06:20:00	216
18-sep-14 06:25:00	240
18-sep-14 06:30:00	288
18-sep-14 06:35:00	336
18-sep-14 06:40:00	312
18-sep-14 06:45:00	336
18-sep-14 06:50:00	384
18-sep-14 06:55:00	384
18-sep-14 07:00:00	432
18-sep-14 07:05:00	480
18-sep-14 07:10:00	480
18-sep-14 07:15:00	504
18-sep-14 07:20:00	504
18-sep-14 07:25:00	480
18-sep-14 07:30:00	468
18-sep-14 07:35:00	492
18-sep-14 07:40:00	480
18-sep-14 07:45:00	480
18-sep-14 07:50:00	480
18-sep-14 07:55:00	456
18-sep-14 08:00:00	480
18-sep-14 08:05:00	480
18-sep-14 08:10:00	456
18-sep-14 08:15:00	456
18-sep-14 08:20:00	432
18-sep-14 08:25:00	432
18-sep-14 08:30:00	432
18-sep-14 08:35:00	456
18-sep-14 08:40:00	456
18-sep-14 08:45:00	480
18-sep-14 08:50:00	480
18-sep-14 08:55:00	480
18-sep-14 09:00:00	480
18-sep-14 09:05:00	456
18-sep-14 09:10:00	456
18-sep-14 09:15:00	456
18-sep-14 09:20:00	432
18-sep-14 09:25:00	444
18-sep-14 09:30:00	444
18-sep-14 09:35:00	420
18-sep-14 09:40:00	420
18-sep-14 09:45:00	432
18-sep-14 09:50:00	408
18-sep-14 09:55:00	432
18-sep-14 10:00:00	432
18-sep-14 10:05:00	408
18-sep-14 10:10:00	432
18-sep-14 10:15:00	408
18-sep-14 10:20:00	408
18-sep-14 10:25:00	408
18-sep-14 10:30:00	384
18-sep-14 10:35:00	408
18-sep-14 10:40:00	360
18-sep-14 10:45:00	384
18-sep-14 10:50:00	384
18-sep-14 10:55:00	384
18-sep-14 11:00:00	384
18-sep-14 11:05:00	408
18-sep-14 11:10:00	384
18-sep-14 11:15:00	384
18-sep-14 11:20:00	384
18-sep-14 11:25:00	384
18-sep-14 11:30:00	384
18-sep-14 11:35:00	360
18-sep-14 11:40:00	360
18-sep-14 11:45:00	360
18-sep-14 11:50:00	360
18-sep-14 11:55:00	360
18-sep-14 12:00:00	360
18-sep-14 12:05:00	360
18-sep-14 12:10:00	360
18-sep-14 12:15:00	360
18-sep-14 12:20:00	336
18-sep-14 12:25:00	360
18-sep-14 12:30:00	408
18-sep-14 12:35:00	384
18-sep-14 12:40:00	384
18-sep-14 12:45:00	384
18-sep-14 12:50:00	384
18-sep-14 12:55:00	408
18-sep-14 13:00:00	384
18-sep-14 13:05:00	384
18-sep-14 13:10:00	360
18-sep-14 13:15:00	360
18-sep-14 13:20:00	384
18-sep-14 13:25:00	360
18-sep-14 13:30:00	384
18-sep-14 13:35:00	360
18-sep-14 13:40:00	336
18-sep-14 13:45:00	360
18-sep-14 13:50:00	312
18-sep-14 13:55:00	336
18-sep-14 14:00:00	312
18-sep-14 14:05:00	336
18-sep-14 14:10:00	300
18-sep-14 14:15:00	300
18-sep-14 14:20:00	324
18-sep-14 14:25:00	324
18-sep-14 14:30:00	336
18-sep-14 14:35:00	288
18-sep-14 14:40:00	336
18-sep-14 14:45:00	312
18-sep-14 14:50:00	288
18-sep-14 14:55:00	312
18-sep-14 15:00:00	288
18-sep-14 15:05:00	312
18-sep-14 15:10:00	312
18-sep-14 15:15:00	312
18-sep-14 15:20:00	264
18-sep-14 15:25:00	288
18-sep-14 15:30:00	336
18-sep-14 15:35:00	312
18-sep-14 15:40:00	288
18-sep-14 15:45:00	312
18-sep-14 15:50:00	288
18-sep-14 15:55:00	312
18-sep-14 16:00:00	288
18-sep-14 16:05:00	336
18-sep-14 16:10:00	288
18-sep-14 16:15:00	312
18-sep-14 16:20:00	288
18-sep-14 16:25:00	336
18-sep-14 16:30:00	336
18-sep-14 16:35:00	336
18-sep-14 16:40:00	348
18-sep-14 16:45:00	372
18-sep-14 16:50:00	336
18-sep-14 16:55:00	360
18-sep-14 17:00:00	360
18-sep-14 17:05:00	360
18-sep-14 17:10:00	336
18-sep-14 17:15:00	360
18-sep-14 17:20:00	360
18-sep-14 17:25:00	384
18-sep-14 17:30:00	384
18-sep-14 17:35:00	384
18-sep-14 17:40:00	384
18-sep-14 17:45:00	384
18-sep-14 17:50:00	384
18-sep-14 17:55:00	396
18-sep-14 18:00:00	396
18-sep-14 18:05:00	384
18-sep-14 18:10:00	384
18-sep-14 18:15:00	408
18-sep-14 18:20:00	408
18-sep-14 18:25:00	432
18-sep-14 18:30:00	456
18-sep-14 18:35:00	480
18-sep-14 18:40:00	432
18-sep-14 18:45:00	480
18-sep-14 18:50:00	432
18-sep-14 18:55:00	456
18-sep-14 19:00:00	456
18-sep-14 19:05:00	456
18-sep-14 19:10:00	444
18-sep-14 19:15:00	444
18-sep-14 19:20:00	444
18-sep-14 19:25:00	420
18-sep-14 19:30:00	432
18-sep-14 19:35:00	408
18-sep-14 19:40:00	384
18-sep-14 19:45:00	408
18-sep-14 19:50:00	408
18-sep-14 19:55:00	408
18-sep-14 20:00:00	396
18-sep-14 20:05:00	372
18-sep-14 20:10:00	384
18-sep-14 20:15:00	348
18-sep-14 20:20:00	348
18-sep-14 20:25:00	360
18-sep-14 20:30:00	360
18-sep-14 20:35:00	360
18-sep-14 20:40:00	312
18-sep-14 20:45:00	312
18-sep-14 20:50:00	336
18-sep-14 20:55:00	288
18-sep-14 21:00:00	276
18-sep-14 21:05:00	252
18-sep-14 21:10:00	264
18-sep-14 21:15:00	264
18-sep-14 21:20:00	264
18-sep-14 21:25:00	264
18-sep-14 21:30:00	264
18-sep-14 21:35:00	288
18-sep-14 21:40:00	264
18-sep-14 21:45:00	288
18-sep-14 21:50:00	312
18-sep-14 21:55:00	288
18-sep-14 22:00:00	264
18-sep-14 22:05:00	264
18-sep-14 22:10:00	252
18-sep-14 22:15:00	276
18-sep-14 22:20:00	288
18-sep-14 22:25:00	288
18-sep-14 22:30:00	264
18-sep-14 22:35:00	264
18-sep-14 22:40:00	240
18-sep-14 22:45:00	240
18-sep-14 22:50:00	240
18-sep-14 22:55:00	264
18-sep-14 23:00:00	264
18-sep-14 23:05:00	240
18-sep-14 23:10:00	240
18-sep-14 23:15:00	228
18-sep-14 23:20:00	204
18-sep-14 23:25:00	192
18-sep-14 23:30:00	168
18-sep-14 23:35:00	168
18-sep-14 23:40:00	168
18-sep-14 23:45:00	168
18-sep-14 23:50:00	168
18-sep-14 23:55:00	168
24-sep-14 21:35:00	264
24-sep-14 21:40:00	264
24-sep-14 21:45:00	264
24-sep-14 21:50:00	264
24-sep-14 21:55:00	288
24-sep-14 22:00:00	264
24-sep-14 22:05:00	288
24-sep-14 22:10:00	288
24-sep-14 22:15:00	264
24-sep-14 22:20:00	240
24-sep-14 22:25:00	240
24-sep-14 22:30:00	264
24-sep-14 22:35:00	264
24-sep-14 22:40:00	240
24-sep-14 22:45:00	240
24-sep-14 22:50:00	216
24-sep-14 22:55:00	240
24-sep-14 23:00:00	240
24-sep-14 23:05:00	240
24-sep-14 23:10:00	216
24-sep-14 23:15:00	192
24-sep-14 23:20:00	216
24-sep-14 23:25:00	144
24-sep-14 23:30:00	192
24-sep-14 23:35:00	144
24-sep-14 23:40:00	168
24-sep-14 23:45:00	168
24-sep-14 23:50:00	120
24-sep-14 23:55:00	144
25-sep-14 00:00:00	120
25-sep-14 00:05:00	120
25-sep-14 00:10:00	96
25-sep-14 00:15:00	120
25-sep-14 00:20:00	120
25-sep-14 00:25:00	96
25-sep-14 00:30:00	96
25-sep-14 00:35:00	96
25-sep-14 00:40:00	72
25-sep-14 00:45:00	96
25-sep-14 00:50:00	72
25-sep-14 00:55:00	96
25-sep-14 01:00:00	96
25-sep-14 01:05:00	72
25-sep-14 01:10:00	48
25-sep-14 01:15:00	72
25-sep-14 01:20:00	72
25-sep-14 01:25:00	48
25-sep-14 01:30:00	72
25-sep-14 01:35:00	48
25-sep-14 01:40:00	48
25-sep-14 01:45:00	48
25-sep-14 01:50:00	72
25-sep-14 01:55:00	24
25-sep-14 02:00:00	48
25-sep-14 02:05:00	48
25-sep-14 02:10:00	48
25-sep-14 02:15:00	24
25-sep-14 02:20:00	48
25-sep-14 02:25:00	24
25-sep-14 02:30:00	48
25-sep-14 02:35:00	48
25-sep-14 02:40:00	48
25-sep-14 02:45:00	24
25-sep-14 02:50:00	48
25-sep-14 02:55:00	48
25-sep-14 03:00:00	48
25-sep-14 03:05:00	24
25-sep-14 03:10:00	48
25-sep-14 03:15:00	24
25-sep-14 03:20:00	48
25-sep-14 03:25:00	48
25-sep-14 03:30:00	72
25-sep-14 03:35:00	48
25-sep-14 03:40:00	72
25-sep-14 03:45:00	48
25-sep-14 03:50:00	72
25-sep-14 03:55:00	48
25-sep-14 04:00:00	72
25-sep-14 04:05:00	48
25-sep-14 04:10:00	72
25-sep-14 04:15:00	72
25-sep-14 04:20:00	48
25-sep-14 04:25:00	72
25-sep-14 04:30:00	48
25-sep-14 04:35:00	72
25-sep-14 04:40:00	48
25-sep-14 04:45:00	48
25-sep-14 04:50:00	48
25-sep-14 04:55:00	48
25-sep-14 05:00:00	48
25-sep-14 05:05:00	48
25-sep-14 05:10:00	72
25-sep-14 05:15:00	48
25-sep-14 05:20:00	48
25-sep-14 05:25:00	72
25-sep-14 05:30:00	72
25-sep-14 05:35:00	72
25-sep-14 05:40:00	96
25-sep-14 05:45:00	120
25-sep-14 05:50:00	96
25-sep-14 05:55:00	120
25-sep-14 06:00:00	144
25-sep-14 06:05:00	168
25-sep-14 06:10:00	168
25-sep-14 06:15:00	216
25-sep-14 06:20:00	240
25-sep-14 06:25:00	192
25-sep-14 06:30:00	240
25-sep-14 06:35:00	312
25-sep-14 06:40:00	312
25-sep-14 06:45:00	360
25-sep-14 06:50:00	360
25-sep-14 06:55:00	384
25-sep-14 07:00:00	432
25-sep-14 07:05:00	456
25-sep-14 07:10:00	504
25-sep-14 07:15:00	480
25-sep-14 07:20:00	480
25-sep-14 07:25:00	456
25-sep-14 07:30:00	456
25-sep-14 07:35:00	480
25-sep-14 07:40:00	456
25-sep-14 07:45:00	456
25-sep-14 07:50:00	456
25-sep-14 07:55:00	408
25-sep-14 08:00:00	456
25-sep-14 08:05:00	432
25-sep-14 08:10:00	432
25-sep-14 08:15:00	408
25-sep-14 08:20:00	432
25-sep-14 08:25:00	432
25-sep-14 08:30:00	432
25-sep-14 08:35:00	432
25-sep-14 08:40:00	432
25-sep-14 08:45:00	456
25-sep-14 08:50:00	432
25-sep-14 08:55:00	456
25-sep-14 09:00:00	432
25-sep-14 09:05:00	444
25-sep-14 09:10:00	444
25-sep-14 09:15:00	444
25-sep-14 09:20:00	444
25-sep-14 09:25:00	408
25-sep-14 09:30:00	408
25-sep-14 09:35:00	432
25-sep-14 09:40:00	408
25-sep-14 09:45:00	432
25-sep-14 09:50:00	396
25-sep-14 09:55:00	396
25-sep-14 10:00:00	384
25-sep-14 10:05:00	408
25-sep-14 10:10:00	432
25-sep-14 10:15:00	408
25-sep-14 10:20:00	384
25-sep-14 10:25:00	384
25-sep-14 10:30:00	384
25-sep-14 10:35:00	360
25-sep-14 10:40:00	384
25-sep-14 10:45:00	384
25-sep-14 10:50:00	384
25-sep-14 10:55:00	360
25-sep-14 11:00:00	360
25-sep-14 11:05:00	408
25-sep-14 11:10:00	384
25-sep-14 11:15:00	384
25-sep-14 11:20:00	384
25-sep-14 11:25:00	384
25-sep-14 11:30:00	384
25-sep-14 11:35:00	360
25-sep-14 11:40:00	360
25-sep-14 11:45:00	384
25-sep-14 11:50:00	384
25-sep-14 11:55:00	384
25-sep-14 12:00:00	360
25-sep-14 12:05:00	360
25-sep-14 12:10:00	360
25-sep-14 12:15:00	336
25-sep-14 12:20:00	336
25-sep-14 12:25:00	336
25-sep-14 12:30:00	360
25-sep-14 12:35:00	336
25-sep-14 12:40:00	360
25-sep-14 12:45:00	360
25-sep-14 12:50:00	336
25-sep-14 12:55:00	360
25-sep-14 13:00:00	360
25-sep-14 13:05:00	360
25-sep-14 13:10:00	336
25-sep-14 13:15:00	336
25-sep-14 13:20:00	336
25-sep-14 13:25:00	360
25-sep-14 13:30:00	336
25-sep-14 13:35:00	312
25-sep-14 13:40:00	312
25-sep-14 13:45:00	288
25-sep-14 13:50:00	324
25-sep-14 13:55:00	324
25-sep-14 14:00:00	312
25-sep-14 14:05:00	312
25-sep-14 14:10:00	300
25-sep-14 14:15:00	300
25-sep-14 14:20:00	300
25-sep-14 14:25:00	288
25-sep-14 14:30:00	312
25-sep-14 14:35:00	312
25-sep-14 14:40:00	288
25-sep-14 14:45:00	288
25-sep-14 14:50:00	288
25-sep-14 14:55:00	300
25-sep-14 15:00:00	324
25-sep-14 15:05:00	288
25-sep-14 15:10:00	288
25-sep-14 15:15:00	264
25-sep-14 15:20:00	264
25-sep-14 15:25:00	288
25-sep-14 15:30:00	288
25-sep-14 15:35:00	264
25-sep-14 15:40:00	264
25-sep-14 15:45:00	276
25-sep-14 15:50:00	276
25-sep-14 15:55:00	264
25-sep-14 16:00:00	288
25-sep-14 16:05:00	288
25-sep-14 16:10:00	288
25-sep-14 16:15:00	288
25-sep-14 16:20:00	264
25-sep-14 16:25:00	288
25-sep-14 16:30:00	336
25-sep-14 16:35:00	312
25-sep-14 16:40:00	288
25-sep-14 16:45:00	336
25-sep-14 16:50:00	312
25-sep-14 16:55:00	336
25-sep-14 17:00:00	336
25-sep-14 17:05:00	360
25-sep-14 17:10:00	336
25-sep-14 17:15:00	360
25-sep-14 17:20:00	336
25-sep-14 17:25:00	336
25-sep-14 17:30:00	360
25-sep-14 17:35:00	336
25-sep-14 17:40:00	348
25-sep-14 17:45:00	348
25-sep-14 17:50:00	360
25-sep-14 17:55:00	360
25-sep-14 18:00:00	360
25-sep-14 18:05:00	372
25-sep-14 18:10:00	372
25-sep-14 18:15:00	408
25-sep-14 18:20:00	408
25-sep-14 18:25:00	408
25-sep-14 18:30:00	396
25-sep-14 18:35:00	420
25-sep-14 18:40:00	432
25-sep-14 18:45:00	432
25-sep-14 18:50:00	432
25-sep-14 18:55:00	432
25-sep-14 19:00:00	456
25-sep-14 19:05:00	432
25-sep-14 19:10:00	444
25-sep-14 19:15:00	420
25-sep-14 19:20:00	432
25-sep-14 19:25:00	420
25-sep-14 19:30:00	396
25-sep-14 19:35:00	408
25-sep-14 19:40:00	360
25-sep-14 19:45:00	408
25-sep-14 19:50:00	384
25-sep-14 19:55:00	360
25-sep-14 20:00:00	336
25-sep-14 20:05:00	336
25-sep-14 20:10:00	312
25-sep-14 20:15:00	336
25-sep-14 20:20:00	288
25-sep-14 20:25:00	312
25-sep-14 20:30:00	288
25-sep-14 20:35:00	288
25-sep-14 20:40:00	288
25-sep-14 20:45:00	288
25-sep-14 20:50:00	288
25-sep-14 20:55:00	264
25-sep-14 21:00:00	264
25-sep-14 21:05:00	240
25-sep-14 21:10:00	240
25-sep-14 21:15:00	264
25-sep-14 21:20:00	240
25-sep-14 21:25:00	264
25-sep-14 21:30:00	252
25-sep-14 21:35:00	252
25-sep-14 21:40:00	264
25-sep-14 21:45:00	240
25-sep-14 21:50:00	264
25-sep-14 21:55:00	264
25-sep-14 22:00:00	252
25-sep-14 22:05:00	252
25-sep-14 22:10:00	240
25-sep-14 22:15:00	264
25-sep-14 22:20:00	312
25-sep-14 22:25:00	276
25-sep-14 22:30:00	252
25-sep-14 22:35:00	240
25-sep-14 22:40:00	264
25-sep-14 22:45:00	240
25-sep-14 22:50:00	240
25-sep-14 22:55:00	240
25-sep-14 23:00:00	264
25-sep-14 23:05:00	240
25-sep-14 23:10:00	216
25-sep-14 23:15:00	240
25-sep-14 23:20:00	192
25-sep-14 23:25:00	192
25-sep-14 23:30:00	156
25-sep-14 23:35:00	156
25-sep-14 23:40:00	168
25-sep-14 23:45:00	144
25-sep-14 23:50:00	168
25-sep-14 23:55:00	168
01-okt-14 21:35:00	264
01-okt-14 21:40:00	288
01-okt-14 21:45:00	288
01-okt-14 21:50:00	288
01-okt-14 21:55:00	288
01-okt-14 22:00:00	240
01-okt-14 22:05:00	264
01-okt-14 22:10:00	240
01-okt-14 22:15:00	276
01-okt-14 22:20:00	252
01-okt-14 22:25:00	240
01-okt-14 22:30:00	264
01-okt-14 22:35:00	240
01-okt-14 22:40:00	264
01-okt-14 22:45:00	240
01-okt-14 22:50:00	240
01-okt-14 22:55:00	264
01-okt-14 23:00:00	288
01-okt-14 23:05:00	240
01-okt-14 23:10:00	240
01-okt-14 23:15:00	216
01-okt-14 23:20:00	192
01-okt-14 23:25:00	216
01-okt-14 23:30:00	168
01-okt-14 23:35:00	192
01-okt-14 23:40:00	168
01-okt-14 23:45:00	168
01-okt-14 23:50:00	144
01-okt-14 23:55:00	144
02-okt-14 00:00:00	120
02-okt-14 00:05:00	144
02-okt-14 00:10:00	120
02-okt-14 00:15:00	120
02-okt-14 00:20:00	120
02-okt-14 00:25:00	120
02-okt-14 00:30:00	96
02-okt-14 00:35:00	72
02-okt-14 00:40:00	96
02-okt-14 00:45:00	72
02-okt-14 00:50:00	48
02-okt-14 00:55:00	72
02-okt-14 01:00:00	72
02-okt-14 01:05:00	72
02-okt-14 01:10:00	72
02-okt-14 01:15:00	48
02-okt-14 01:20:00	48
02-okt-14 01:25:00	48
02-okt-14 01:30:00	48
02-okt-14 01:35:00	72
02-okt-14 01:40:00	48
02-okt-14 01:45:00	48
02-okt-14 01:50:00	48
02-okt-14 01:55:00	48
02-okt-14 02:00:00	48
02-okt-14 02:05:00	48
02-okt-14 02:10:00	48
02-okt-14 02:15:00	72
02-okt-14 02:20:00	24
02-okt-14 02:25:00	48
02-okt-14 02:30:00	48
02-okt-14 02:35:00	48
02-okt-14 02:40:00	48
02-okt-14 02:45:00	48
02-okt-14 02:50:00	48
02-okt-14 02:55:00	24
02-okt-14 03:00:00	48
02-okt-14 03:05:00	48
02-okt-14 03:10:00	48
02-okt-14 03:15:00	24
02-okt-14 03:20:00	48
02-okt-14 03:25:00	72
02-okt-14 03:30:00	72
02-okt-14 03:35:00	72
02-okt-14 03:40:00	72
02-okt-14 03:45:00	72
02-okt-14 03:50:00	48
02-okt-14 03:55:00	72
02-okt-14 04:00:00	72
02-okt-14 04:05:00	72
02-okt-14 04:10:00	48
02-okt-14 04:15:00	48
02-okt-14 04:20:00	72
02-okt-14 04:25:00	72
02-okt-14 04:30:00	72
02-okt-14 04:35:00	72
02-okt-14 04:40:00	72
02-okt-14 04:45:00	72
02-okt-14 04:50:00	48
02-okt-14 04:55:00	48
02-okt-14 05:00:00	48
02-okt-14 05:05:00	72
02-okt-14 05:10:00	72
02-okt-14 05:15:00	72
02-okt-14 05:20:00	72
02-okt-14 05:25:00	96
02-okt-14 05:30:00	72
02-okt-14 05:35:00	72
02-okt-14 05:40:00	72
02-okt-14 05:45:00	96
02-okt-14 05:50:00	120
02-okt-14 05:55:00	120
02-okt-14 06:00:00	168
02-okt-14 06:05:00	168
02-okt-14 06:10:00	192
02-okt-14 06:15:00	192
02-okt-14 06:20:00	192
02-okt-14 06:25:00	216
02-okt-14 06:30:00	240
02-okt-14 06:35:00	276
02-okt-14 06:40:00	324
02-okt-14 06:45:00	312
02-okt-14 06:50:00	360
02-okt-14 06:55:00	384
02-okt-14 07:00:00	420
02-okt-14 07:05:00	444
02-okt-14 07:10:00	504
02-okt-14 07:15:00	456
02-okt-14 07:20:00	468
02-okt-14 07:25:00	480
02-okt-14 07:30:00	468
02-okt-14 07:35:00	456
02-okt-14 07:40:00	480
02-okt-14 07:45:00	480
02-okt-14 07:50:00	456
02-okt-14 07:55:00	480
02-okt-14 08:00:00	444
02-okt-14 08:05:00	444
02-okt-14 08:10:00	456
02-okt-14 08:15:00	456
02-okt-14 08:20:00	432
02-okt-14 08:25:00	420
02-okt-14 08:30:00	420
02-okt-14 08:35:00	432
02-okt-14 08:40:00	408
02-okt-14 08:45:00	456
02-okt-14 08:50:00	408
02-okt-14 08:55:00	408
02-okt-14 09:00:00	408
02-okt-14 09:05:00	432
02-okt-14 09:10:00	432
02-okt-14 09:15:00	432
02-okt-14 09:20:00	432
02-okt-14 09:25:00	432
02-okt-14 09:30:00	432
02-okt-14 09:35:00	408
02-okt-14 09:40:00	384
02-okt-14 09:45:00	432
02-okt-14 09:50:00	408
02-okt-14 09:55:00	456
02-okt-14 10:00:00	408
02-okt-14 10:05:00	384
02-okt-14 10:10:00	384
02-okt-14 10:15:00	408
02-okt-14 10:20:00	408
02-okt-14 10:25:00	384
02-okt-14 10:30:00	384
02-okt-14 10:35:00	384
02-okt-14 10:40:00	384
02-okt-14 10:45:00	408
02-okt-14 10:50:00	384
02-okt-14 10:55:00	384
02-okt-14 11:00:00	384
02-okt-14 11:05:00	360
02-okt-14 11:10:00	384
02-okt-14 11:15:00	384
02-okt-14 11:20:00	384
02-okt-14 11:25:00	384
02-okt-14 11:30:00	384
02-okt-14 11:35:00	360
02-okt-14 11:40:00	384
02-okt-14 11:45:00	336
02-okt-14 11:50:00	360
02-okt-14 11:55:00	360
02-okt-14 12:00:00	360
02-okt-14 12:05:00	360
02-okt-14 12:10:00	360
02-okt-14 12:15:00	372
02-okt-14 12:20:00	396
02-okt-14 12:25:00	384
02-okt-14 12:30:00	384
02-okt-14 12:35:00	360
02-okt-14 12:40:00	372
02-okt-14 12:45:00	372
02-okt-14 12:50:00	432
02-okt-14 12:55:00	384
02-okt-14 13:00:00	408
02-okt-14 13:05:00	408
02-okt-14 13:10:00	384
02-okt-14 13:15:00	360
02-okt-14 13:20:00	360
02-okt-14 13:25:00	384
02-okt-14 13:30:00	360
02-okt-14 13:35:00	360
02-okt-14 13:40:00	360
02-okt-14 13:45:00	360
02-okt-14 13:50:00	360
02-okt-14 13:55:00	360
02-okt-14 14:00:00	336
02-okt-14 14:05:00	336
02-okt-14 14:10:00	360
02-okt-14 14:15:00	336
02-okt-14 14:20:00	324
02-okt-14 14:25:00	324
02-okt-14 14:30:00	336
02-okt-14 14:35:00	336
02-okt-14 14:40:00	312
02-okt-14 14:45:00	312
02-okt-14 14:50:00	312
02-okt-14 14:55:00	312
02-okt-14 15:00:00	312
02-okt-14 15:05:00	288
02-okt-14 15:10:00	264
02-okt-14 15:15:00	264
02-okt-14 15:20:00	288
02-okt-14 15:25:00	288
02-okt-14 15:30:00	288
02-okt-14 15:35:00	288
02-okt-14 15:40:00	288
02-okt-14 15:45:00	264
02-okt-14 15:50:00	288
02-okt-14 15:55:00	288
02-okt-14 16:00:00	288
02-okt-14 16:05:00	288
02-okt-14 16:10:00	288
02-okt-14 16:15:00	300
02-okt-14 16:20:00	300
02-okt-14 16:25:00	312
02-okt-14 16:30:00	336
02-okt-14 16:35:00	336
02-okt-14 16:40:00	312
02-okt-14 16:45:00	336
02-okt-14 16:50:00	336
02-okt-14 16:55:00	360
02-okt-14 17:00:00	336
02-okt-14 17:05:00	336
02-okt-14 17:10:00	360
02-okt-14 17:15:00	360
02-okt-14 17:20:00	360
02-okt-14 17:25:00	336
02-okt-14 17:30:00	348
02-okt-14 17:35:00	348
02-okt-14 17:40:00	360
02-okt-14 17:45:00	360
02-okt-14 17:50:00	384
02-okt-14 17:55:00	384
02-okt-14 18:00:00	384
02-okt-14 18:05:00	384
02-okt-14 18:10:00	384
02-okt-14 18:15:00	408
02-okt-14 18:20:00	408
02-okt-14 18:25:00	384
02-okt-14 18:30:00	432
02-okt-14 18:35:00	408
02-okt-14 18:40:00	432
02-okt-14 18:45:00	432
02-okt-14 18:50:00	432
02-okt-14 18:55:00	456
02-okt-14 19:00:00	432
02-okt-14 19:05:00	456
02-okt-14 19:10:00	408
02-okt-14 19:15:00	432
02-okt-14 19:20:00	408
02-okt-14 19:25:00	432
02-okt-14 19:30:00	384
02-okt-14 19:35:00	384
02-okt-14 19:40:00	384
02-okt-14 19:45:00	360
02-okt-14 19:50:00	372
02-okt-14 19:55:00	372
02-okt-14 20:00:00	360
02-okt-14 20:05:00	360
02-okt-14 20:10:00	336
02-okt-14 20:15:00	324
02-okt-14 20:20:00	324
02-okt-14 20:25:00	312
02-okt-14 20:30:00	312
02-okt-14 20:35:00	312
02-okt-14 20:40:00	288
02-okt-14 20:45:00	264
02-okt-14 20:50:00	288
02-okt-14 20:55:00	264
02-okt-14 21:00:00	264
02-okt-14 21:05:00	240
02-okt-14 21:10:00	264
02-okt-14 21:15:00	264
02-okt-14 21:20:00	288
02-okt-14 21:25:00	288
02-okt-14 21:30:00	264
02-okt-14 21:35:00	240
02-okt-14 21:40:00	252
02-okt-14 21:45:00	252
02-okt-14 21:50:00	264
02-okt-14 21:55:00	264
02-okt-14 22:00:00	240
02-okt-14 22:05:00	240
02-okt-14 22:10:00	240
02-okt-14 22:15:00	240
02-okt-14 22:20:00	288
02-okt-14 22:25:00	264
02-okt-14 22:30:00	240
02-okt-14 22:35:00	240
02-okt-14 22:40:00	240
02-okt-14 22:45:00	264
02-okt-14 22:50:00	240
02-okt-14 22:55:00	240
02-okt-14 23:00:00	264
02-okt-14 23:05:00	240
02-okt-14 23:10:00	216
02-okt-14 23:15:00	192
02-okt-14 23:20:00	192
02-okt-14 23:25:00	192
02-okt-14 23:30:00	168
02-okt-14 23:35:00	168
02-okt-14 23:40:00	168
02-okt-14 23:45:00	144
02-okt-14 23:50:00	168
02-okt-14 23:55:00	120
08-okt-14 21:35:00	264
08-okt-14 21:40:00	276
08-okt-14 21:45:00	276
08-okt-14 21:50:00	264
08-okt-14 21:55:00	264
08-okt-14 22:00:00	288
08-okt-14 22:05:00	264
08-okt-14 22:10:00	240
08-okt-14 22:15:00	264
08-okt-14 22:20:00	264
08-okt-14 22:25:00	240
08-okt-14 22:30:00	240
08-okt-14 22:35:00	216
08-okt-14 22:40:00	264
08-okt-14 22:45:00	216
08-okt-14 22:50:00	240
08-okt-14 22:55:00	240
08-okt-14 23:00:00	264
08-okt-14 23:05:00	240
08-okt-14 23:10:00	204
08-okt-14 23:15:00	204
08-okt-14 23:20:00	168
08-okt-14 23:25:00	192
08-okt-14 23:30:00	168
08-okt-14 23:35:00	144
08-okt-14 23:40:00	168
08-okt-14 23:45:00	168
08-okt-14 23:50:00	144
08-okt-14 23:55:00	168
09-okt-14 00:00:00	144
09-okt-14 00:05:00	132
09-okt-14 00:10:00	132
09-okt-14 00:15:00	120
09-okt-14 00:20:00	120
09-okt-14 00:25:00	96
09-okt-14 00:30:00	120
09-okt-14 00:35:00	96
09-okt-14 00:40:00	72
09-okt-14 00:45:00	96
09-okt-14 00:50:00	72
09-okt-14 00:55:00	96
09-okt-14 01:00:00	72
09-okt-14 01:05:00	72
09-okt-14 01:10:00	48
09-okt-14 01:15:00	72
09-okt-14 01:20:00	72
09-okt-14 01:25:00	48
09-okt-14 01:30:00	72
09-okt-14 01:35:00	48
09-okt-14 01:40:00	48
09-okt-14 01:45:00	48
09-okt-14 01:50:00	48
09-okt-14 01:55:00	48
09-okt-14 02:00:00	48
09-okt-14 02:05:00	48
09-okt-14 02:10:00	48
09-okt-14 02:15:00	48
09-okt-14 02:20:00	48
09-okt-14 02:25:00	72
09-okt-14 02:30:00	48
09-okt-14 02:35:00	72
09-okt-14 02:40:00	72
09-okt-14 02:45:00	72
09-okt-14 02:50:00	72
09-okt-14 02:55:00	72
09-okt-14 03:00:00	72
09-okt-14 03:05:00	72
09-okt-14 03:10:00	24
09-okt-14 03:15:00	48
09-okt-14 03:20:00	48
09-okt-14 03:25:00	48
09-okt-14 03:30:00	72
09-okt-14 03:35:00	48
09-okt-14 03:40:00	72
09-okt-14 03:45:00	72
09-okt-14 03:50:00	48
09-okt-14 03:55:00	72
09-okt-14 04:00:00	48
09-okt-14 04:05:00	72
09-okt-14 04:10:00	48
09-okt-14 04:15:00	72
09-okt-14 04:20:00	48
09-okt-14 04:25:00	72
09-okt-14 04:30:00	72
09-okt-14 04:35:00	48
09-okt-14 04:40:00	72
09-okt-14 04:45:00	48
09-okt-14 04:50:00	48
09-okt-14 04:55:00	48
09-okt-14 05:00:00	72
09-okt-14 05:05:00	48
09-okt-14 05:10:00	72
09-okt-14 05:15:00	72
09-okt-14 05:20:00	96
09-okt-14 05:25:00	72
09-okt-14 05:30:00	72
09-okt-14 05:35:00	72
09-okt-14 05:40:00	96
09-okt-14 05:45:00	120
09-okt-14 05:50:00	120
09-okt-14 05:55:00	120
09-okt-14 06:00:00	144
09-okt-14 06:05:00	144
09-okt-14 06:10:00	192
09-okt-14 06:15:00	192
09-okt-14 06:20:00	192
09-okt-14 06:25:00	240
09-okt-14 06:30:00	240
09-okt-14 06:35:00	288
09-okt-14 06:40:00	312
09-okt-14 06:45:00	336
09-okt-14 06:50:00	372
09-okt-14 06:55:00	372
09-okt-14 07:00:00	432
09-okt-14 07:05:00	432
09-okt-14 07:10:00	456
09-okt-14 07:15:00	468
09-okt-14 07:20:00	456
09-okt-14 07:25:00	468
09-okt-14 07:30:00	444
09-okt-14 07:35:00	468
09-okt-14 07:40:00	456
09-okt-14 07:45:00	456
09-okt-14 07:50:00	480
09-okt-14 07:55:00	480
09-okt-14 08:00:00	432
09-okt-14 08:05:00	456
09-okt-14 08:10:00	480
09-okt-14 08:15:00	456
09-okt-14 08:20:00	432
09-okt-14 08:25:00	420
09-okt-14 08:30:00	420
09-okt-14 08:35:00	432
09-okt-14 08:40:00	456
09-okt-14 08:45:00	456
09-okt-14 08:50:00	432
09-okt-14 08:55:00	456
09-okt-14 09:00:00	456
09-okt-14 09:05:00	444
09-okt-14 09:10:00	444
09-okt-14 09:15:00	432
09-okt-14 09:20:00	456
09-okt-14 09:25:00	432
09-okt-14 09:30:00	432
09-okt-14 09:35:00	432
09-okt-14 09:40:00	420
09-okt-14 09:45:00	420
09-okt-14 09:50:00	408
09-okt-14 09:55:00	432
09-okt-14 10:00:00	432
09-okt-14 10:05:00	432
09-okt-14 10:10:00	384
09-okt-14 10:15:00	408
09-okt-14 10:20:00	408
09-okt-14 10:25:00	396
09-okt-14 10:30:00	396
09-okt-14 10:35:00	372
09-okt-14 10:40:00	372
09-okt-14 10:45:00	384
09-okt-14 10:50:00	360
09-okt-14 10:55:00	384
09-okt-14 11:00:00	408
09-okt-14 11:05:00	384
09-okt-14 11:10:00	408
09-okt-14 11:15:00	384
09-okt-14 11:20:00	384
09-okt-14 11:25:00	360
09-okt-14 11:30:00	384
09-okt-14 11:35:00	384
09-okt-14 11:40:00	360
09-okt-14 11:45:00	384
09-okt-14 11:50:00	360
09-okt-14 11:55:00	384
09-okt-14 12:00:00	396
09-okt-14 12:05:00	372
09-okt-14 12:10:00	360
09-okt-14 12:15:00	360
09-okt-14 12:20:00	384
09-okt-14 12:25:00	360
09-okt-14 12:30:00	384
09-okt-14 12:35:00	360
09-okt-14 12:40:00	384
09-okt-14 12:45:00	384
09-okt-14 12:50:00	384
09-okt-14 12:55:00	408
09-okt-14 13:00:00	396
09-okt-14 13:05:00	372
09-okt-14 13:10:00	384
09-okt-14 13:15:00	360
09-okt-14 13:20:00	360
09-okt-14 13:25:00	372
09-okt-14 13:30:00	324
09-okt-14 13:35:00	312
09-okt-14 13:40:00	312
09-okt-14 13:45:00	312
09-okt-14 13:50:00	312
09-okt-14 13:55:00	312
09-okt-14 14:00:00	288
09-okt-14 14:05:00	312
09-okt-14 14:10:00	312
09-okt-14 14:15:00	336
09-okt-14 14:20:00	312
09-okt-14 14:25:00	312
09-okt-14 14:30:00	312
09-okt-14 14:35:00	312
09-okt-14 14:40:00	312
09-okt-14 14:45:00	312
09-okt-14 14:50:00	312
09-okt-14 14:55:00	288
09-okt-14 15:00:00	312
09-okt-14 15:05:00	312
09-okt-14 15:10:00	288
09-okt-14 15:15:00	288
09-okt-14 15:20:00	288
09-okt-14 15:25:00	312
09-okt-14 15:30:00	312
09-okt-14 15:35:00	312
09-okt-14 15:40:00	288
09-okt-14 15:45:00	336
09-okt-14 15:50:00	288
09-okt-14 15:55:00	336
09-okt-14 16:00:00	312
09-okt-14 16:05:00	312
09-okt-14 16:10:00	312
09-okt-14 16:15:00	288
09-okt-14 16:20:00	312
09-okt-14 16:25:00	288
09-okt-14 16:30:00	312
09-okt-14 16:35:00	312
09-okt-14 16:40:00	312
09-okt-14 16:45:00	288
09-okt-14 16:50:00	336
09-okt-14 16:55:00	312
09-okt-14 17:00:00	336
09-okt-14 17:05:00	312
09-okt-14 17:10:00	360
09-okt-14 17:15:00	336
09-okt-14 17:20:00	312
09-okt-14 17:25:00	336
09-okt-14 17:30:00	336
09-okt-14 17:35:00	384
09-okt-14 17:40:00	360
09-okt-14 17:45:00	384
09-okt-14 17:50:00	384
09-okt-14 17:55:00	384
09-okt-14 18:00:00	360
09-okt-14 18:05:00	384
09-okt-14 18:10:00	408
09-okt-14 18:15:00	432
09-okt-14 18:20:00	408
09-okt-14 18:25:00	408
09-okt-14 18:30:00	432
09-okt-14 18:35:00	432
09-okt-14 18:40:00	444
09-okt-14 18:45:00	444
09-okt-14 18:50:00	432
09-okt-14 18:55:00	432
09-okt-14 19:00:00	456
09-okt-14 19:05:00	432
09-okt-14 19:10:00	408
09-okt-14 19:15:00	408
09-okt-14 19:20:00	432
09-okt-14 19:25:00	408
09-okt-14 19:30:00	384
09-okt-14 19:35:00	360
09-okt-14 19:40:00	384
09-okt-14 19:45:00	384
09-okt-14 19:50:00	384
09-okt-14 19:55:00	360
09-okt-14 20:00:00	336
09-okt-14 20:05:00	312
09-okt-14 20:10:00	312
09-okt-14 20:15:00	312
09-okt-14 20:20:00	312
09-okt-14 20:25:00	312
09-okt-14 20:30:00	288
09-okt-14 20:35:00	312
09-okt-14 20:40:00	288
09-okt-14 20:45:00	288
09-okt-14 20:50:00	288
09-okt-14 20:55:00	264
09-okt-14 21:00:00	264
09-okt-14 21:05:00	240
09-okt-14 21:10:00	264
09-okt-14 21:15:00	264
09-okt-14 21:20:00	264
09-okt-14 21:25:00	240
09-okt-14 21:30:00	264
09-okt-14 21:35:00	288
09-okt-14 21:40:00	264
09-okt-14 21:45:00	288
09-okt-14 21:50:00	288
09-okt-14 21:55:00	252
09-okt-14 22:00:00	252
09-okt-14 22:05:00	240
09-okt-14 22:10:00	240
09-okt-14 22:15:00	288
09-okt-14 22:20:00	288
09-okt-14 22:25:00	264
09-okt-14 22:30:00	264
09-okt-14 22:35:00	240
09-okt-14 22:40:00	240
09-okt-14 22:45:00	240
09-okt-14 22:50:00	216
09-okt-14 22:55:00	264
09-okt-14 23:00:00	240
09-okt-14 23:05:00	240
09-okt-14 23:10:00	216
09-okt-14 23:15:00	192
09-okt-14 23:20:00	192
09-okt-14 23:25:00	192
09-okt-14 23:30:00	168
09-okt-14 23:35:00	168
09-okt-14 23:40:00	168
09-okt-14 23:45:00	168
09-okt-14 23:50:00	168
09-okt-14 23:55:00	144
15-okt-14 21:35:00	240
15-okt-14 21:40:00	240
15-okt-14 21:45:00	240
15-okt-14 21:50:00	264
15-okt-14 21:55:00	264
15-okt-14 22:00:00	216
15-okt-14 22:05:00	216
15-okt-14 22:10:00	240
15-okt-14 22:15:00	240
15-okt-14 22:20:00	240
15-okt-14 22:25:00	240
15-okt-14 22:30:00	240
15-okt-14 22:35:00	240
15-okt-14 22:40:00	264
15-okt-14 22:45:00	240
15-okt-14 22:50:00	240
15-okt-14 22:55:00	240
15-okt-14 23:00:00	216
15-okt-14 23:05:00	216
15-okt-14 23:10:00	240
15-okt-14 23:15:00	192
15-okt-14 23:20:00	216
15-okt-14 23:25:00	192
15-okt-14 23:30:00	192
15-okt-14 23:35:00	168
15-okt-14 23:40:00	144
15-okt-14 23:45:00	144
15-okt-14 23:50:00	120
15-okt-14 23:55:00	144
16-okt-14 00:00:00	144
16-okt-14 00:05:00	120
16-okt-14 00:10:00	120
16-okt-14 00:15:00	120
16-okt-14 00:20:00	96
16-okt-14 00:25:00	120
16-okt-14 00:30:00	120
16-okt-14 00:35:00	96
16-okt-14 00:40:00	96
16-okt-14 00:45:00	96
16-okt-14 00:50:00	96
16-okt-14 00:55:00	72
16-okt-14 01:00:00	72
16-okt-14 01:05:00	72
16-okt-14 01:10:00	72
16-okt-14 01:15:00	72
16-okt-14 01:20:00	96
16-okt-14 01:25:00	48
16-okt-14 01:30:00	72
16-okt-14 01:35:00	72
16-okt-14 01:40:00	48
16-okt-14 01:45:00	72
16-okt-14 01:50:00	48
16-okt-14 01:55:00	72
16-okt-14 02:00:00	48
16-okt-14 02:05:00	48
16-okt-14 02:10:00	60
16-okt-14 02:15:00	60
16-okt-14 02:20:00	48
16-okt-14 02:25:00	48
16-okt-14 02:30:00	48
16-okt-14 02:35:00	72
16-okt-14 02:40:00	48
16-okt-14 02:45:00	48
16-okt-14 02:50:00	48
16-okt-14 02:55:00	24
16-okt-14 03:00:00	48
16-okt-14 03:05:00	48
16-okt-14 03:10:00	48
16-okt-14 03:15:00	24
16-okt-14 03:20:00	48
16-okt-14 03:25:00	48
16-okt-14 03:30:00	72
16-okt-14 03:35:00	72
16-okt-14 03:40:00	96
16-okt-14 03:45:00	72
16-okt-14 03:50:00	96
16-okt-14 03:55:00	72
16-okt-14 04:00:00	48
16-okt-14 04:05:00	48
16-okt-14 04:10:00	48
16-okt-14 04:15:00	48
16-okt-14 04:20:00	48
16-okt-14 04:25:00	24
16-okt-14 04:30:00	48
16-okt-14 04:35:00	60
16-okt-14 04:40:00	60
16-okt-14 04:45:00	48
16-okt-14 04:50:00	48
16-okt-14 04:55:00	48
16-okt-14 05:00:00	72
16-okt-14 05:05:00	48
16-okt-14 05:10:00	72
16-okt-14 05:15:00	72
16-okt-14 05:20:00	72
16-okt-14 05:25:00	72
16-okt-14 05:30:00	96
16-okt-14 05:35:00	72
16-okt-14 05:40:00	96
16-okt-14 05:45:00	96
16-okt-14 05:50:00	120
16-okt-14 05:55:00	120
16-okt-14 06:00:00	120
16-okt-14 06:05:00	144
16-okt-14 06:10:00	144
16-okt-14 06:15:00	168
16-okt-14 06:20:00	168
16-okt-14 06:25:00	192
16-okt-14 06:30:00	216
16-okt-14 06:35:00	192
16-okt-14 06:40:00	240
16-okt-14 06:45:00	216
16-okt-14 06:50:00	240
16-okt-14 06:55:00	240
16-okt-14 07:00:00	264
16-okt-14 07:05:00	264
16-okt-14 07:10:00	264
16-okt-14 07:15:00	312
16-okt-14 07:20:00	288
16-okt-14 07:25:00	312
16-okt-14 07:30:00	312
16-okt-14 07:35:00	336
16-okt-14 07:40:00	360
16-okt-14 07:45:00	360
16-okt-14 07:50:00	336
16-okt-14 07:55:00	360
16-okt-14 08:00:00	384
16-okt-14 08:05:00	396
16-okt-14 08:10:00	396
16-okt-14 08:15:00	408
16-okt-14 08:20:00	384
16-okt-14 08:25:00	432
16-okt-14 08:30:00	408
16-okt-14 08:35:00	432
16-okt-14 08:40:00	408
16-okt-14 08:45:00	432
16-okt-14 08:50:00	432
16-okt-14 08:55:00	432
16-okt-14 09:00:00	456
16-okt-14 09:05:00	480
16-okt-14 09:10:00	456
16-okt-14 09:15:00	456
16-okt-14 09:20:00	480
16-okt-14 09:25:00	432
16-okt-14 09:30:00	432
16-okt-14 09:35:00	432
16-okt-14 09:40:00	432
16-okt-14 09:45:00	432
16-okt-14 09:50:00	408
16-okt-14 09:55:00	408
16-okt-14 10:00:00	432
16-okt-14 10:05:00	384
16-okt-14 10:10:00	408
16-okt-14 10:15:00	408
16-okt-14 10:20:00	408
16-okt-14 10:25:00	384
16-okt-14 10:30:00	408
16-okt-14 10:35:00	408
16-okt-14 10:40:00	408
16-okt-14 10:45:00	432
16-okt-14 10:50:00	432
16-okt-14 10:55:00	432
16-okt-14 11:00:00	408
16-okt-14 11:05:00	408
16-okt-14 11:10:00	408
16-okt-14 11:15:00	408
16-okt-14 11:20:00	408
16-okt-14 11:25:00	432
16-okt-14 11:30:00	384
16-okt-14 11:35:00	408
16-okt-14 11:40:00	384
16-okt-14 11:45:00	408
16-okt-14 11:50:00	408
16-okt-14 11:55:00	384
16-okt-14 12:00:00	384
16-okt-14 12:05:00	384
16-okt-14 12:10:00	360
16-okt-14 12:15:00	384
16-okt-14 12:20:00	384
16-okt-14 12:25:00	384
16-okt-14 12:30:00	384
16-okt-14 12:35:00	360
16-okt-14 12:40:00	420
16-okt-14 12:45:00	396
16-okt-14 12:50:00	408
16-okt-14 12:55:00	384
16-okt-14 13:00:00	336
16-okt-14 13:05:00	336
16-okt-14 13:10:00	336
16-okt-14 13:15:00	336
16-okt-14 13:20:00	324
16-okt-14 13:25:00	324
16-okt-14 13:30:00	348
16-okt-14 13:35:00	324
16-okt-14 13:40:00	312
16-okt-14 13:45:00	324
16-okt-14 13:50:00	324
16-okt-14 13:55:00	312
16-okt-14 14:00:00	312
16-okt-14 14:05:00	288
16-okt-14 14:10:00	312
16-okt-14 14:15:00	312
16-okt-14 14:20:00	312
16-okt-14 14:25:00	312
16-okt-14 14:30:00	312
16-okt-14 14:35:00	312
16-okt-14 14:40:00	312
16-okt-14 14:45:00	312
16-okt-14 14:50:00	288
16-okt-14 14:55:00	312
16-okt-14 15:00:00	312
16-okt-14 15:05:00	312
16-okt-14 15:10:00	312
16-okt-14 15:15:00	312
16-okt-14 15:20:00	288
16-okt-14 15:25:00	288
16-okt-14 15:30:00	288
16-okt-14 15:35:00	264
16-okt-14 15:40:00	288
16-okt-14 15:45:00	288
16-okt-14 15:50:00	264
16-okt-14 15:55:00	264
16-okt-14 16:00:00	264
16-okt-14 16:05:00	264
16-okt-14 16:10:00	288
16-okt-14 16:15:00	264
16-okt-14 16:20:00	264
16-okt-14 16:25:00	288
16-okt-14 16:30:00	288
16-okt-14 16:35:00	288
16-okt-14 16:40:00	336
16-okt-14 16:45:00	288
16-okt-14 16:50:00	312
16-okt-14 16:55:00	312
16-okt-14 17:00:00	288
16-okt-14 17:05:00	312
16-okt-14 17:10:00	336
16-okt-14 17:15:00	300
16-okt-14 17:20:00	324
16-okt-14 17:25:00	336
16-okt-14 17:30:00	336
16-okt-14 17:35:00	360
16-okt-14 17:40:00	384
16-okt-14 17:45:00	360
16-okt-14 17:50:00	360
16-okt-14 17:55:00	360
16-okt-14 18:00:00	384
16-okt-14 18:05:00	360
16-okt-14 18:10:00	384
16-okt-14 18:15:00	384
16-okt-14 18:20:00	384
16-okt-14 18:25:00	360
16-okt-14 18:30:00	408
16-okt-14 18:35:00	384
16-okt-14 18:40:00	432
16-okt-14 18:45:00	408
16-okt-14 18:50:00	408
16-okt-14 18:55:00	408
16-okt-14 19:00:00	372
16-okt-14 19:05:00	372
16-okt-14 19:10:00	408
16-okt-14 19:15:00	384
16-okt-14 19:20:00	360
16-okt-14 19:25:00	336
16-okt-14 19:30:00	360
16-okt-14 19:35:00	312
16-okt-14 19:40:00	336
16-okt-14 19:45:00	336
16-okt-14 19:50:00	312
16-okt-14 19:55:00	336
16-okt-14 20:00:00	288
16-okt-14 20:05:00	264
16-okt-14 20:10:00	288
16-okt-14 20:15:00	312
16-okt-14 20:20:00	312
16-okt-14 20:25:00	264
16-okt-14 20:30:00	264
16-okt-14 20:35:00	264
16-okt-14 20:40:00	240
16-okt-14 20:45:00	264
16-okt-14 20:50:00	264
16-okt-14 20:55:00	240
16-okt-14 21:00:00	240
16-okt-14 21:05:00	216
16-okt-14 21:10:00	216
16-okt-14 21:15:00	264
16-okt-14 21:20:00	240
16-okt-14 21:25:00	216
16-okt-14 21:30:00	240
16-okt-14 21:35:00	216
16-okt-14 21:40:00	240
16-okt-14 21:45:00	240
16-okt-14 21:50:00	240
16-okt-14 21:55:00	240
16-okt-14 22:00:00	240
16-okt-14 22:05:00	216
16-okt-14 22:10:00	264
16-okt-14 22:15:00	264
16-okt-14 22:20:00	288
16-okt-14 22:25:00	240
16-okt-14 22:30:00	264
16-okt-14 22:35:00	240
16-okt-14 22:40:00	240
16-okt-14 22:45:00	240
16-okt-14 22:50:00	216
16-okt-14 22:55:00	264
16-okt-14 23:00:00	264
16-okt-14 23:05:00	240
16-okt-14 23:10:00	216
16-okt-14 23:15:00	216
16-okt-14 23:20:00	216
16-okt-14 23:25:00	192
16-okt-14 23:30:00	168
16-okt-14 23:35:00	168
16-okt-14 23:40:00	168
16-okt-14 23:45:00	168
16-okt-14 23:50:00	168
16-okt-14 23:55:00	168
22-okt-14 21:35:00	288
22-okt-14 21:40:00	288
22-okt-14 21:45:00	288
22-okt-14 21:50:00	288
22-okt-14 21:55:00	264
22-okt-14 22:00:00	240
22-okt-14 22:05:00	240
22-okt-14 22:10:00	264
22-okt-14 22:15:00	240
22-okt-14 22:20:00	240
22-okt-14 22:25:00	216
22-okt-14 22:30:00	240
22-okt-14 22:35:00	264
22-okt-14 22:40:00	264
22-okt-14 22:45:00	240
22-okt-14 22:50:00	216
22-okt-14 22:55:00	264
22-okt-14 23:00:00	240
22-okt-14 23:05:00	240
22-okt-14 23:10:00	240
22-okt-14 23:15:00	240
22-okt-14 23:20:00	216
22-okt-14 23:25:00	216
22-okt-14 23:30:00	192
22-okt-14 23:35:00	168
22-okt-14 23:40:00	192
22-okt-14 23:45:00	168
22-okt-14 23:50:00	144
22-okt-14 23:55:00	168
23-okt-14 00:00:00	120
23-okt-14 00:05:00	132
23-okt-14 00:10:00	132
23-okt-14 00:15:00	120
23-okt-14 00:20:00	120
23-okt-14 00:25:00	96
23-okt-14 00:30:00	96
23-okt-14 00:35:00	96
23-okt-14 00:40:00	96
23-okt-14 00:45:00	72
23-okt-14 00:50:00	72
23-okt-14 00:55:00	72
23-okt-14 01:00:00	60
23-okt-14 01:05:00	60
23-okt-14 01:10:00	72
23-okt-14 01:15:00	96
23-okt-14 01:20:00	72
23-okt-14 01:25:00	48
23-okt-14 01:30:00	48
23-okt-14 01:35:00	48
23-okt-14 01:40:00	48
23-okt-14 01:45:00	72
23-okt-14 01:50:00	48
23-okt-14 01:55:00	48
23-okt-14 02:00:00	48
23-okt-14 02:05:00	48
23-okt-14 02:10:00	48
23-okt-14 02:15:00	48
23-okt-14 02:20:00	48
23-okt-14 02:25:00	48
23-okt-14 02:30:00	48
23-okt-14 02:35:00	72
23-okt-14 02:40:00	48
23-okt-14 02:45:00	72
23-okt-14 02:50:00	60
23-okt-14 02:55:00	60
23-okt-14 03:00:00	48
23-okt-14 03:05:00	48
23-okt-14 03:10:00	48
23-okt-14 03:15:00	24
23-okt-14 03:20:00	48
23-okt-14 03:25:00	72
23-okt-14 03:30:00	72
23-okt-14 03:35:00	72
23-okt-14 03:40:00	72
23-okt-14 03:45:00	48
23-okt-14 03:50:00	72
23-okt-14 03:55:00	72
23-okt-14 04:00:00	72
23-okt-14 04:05:00	72
23-okt-14 04:10:00	72
23-okt-14 04:15:00	72
23-okt-14 04:20:00	72
23-okt-14 04:25:00	72
23-okt-14 04:30:00	96
23-okt-14 04:35:00	48
23-okt-14 04:40:00	72
23-okt-14 04:45:00	24
23-okt-14 04:50:00	72
23-okt-14 04:55:00	48
23-okt-14 05:00:00	48
23-okt-14 05:05:00	48
23-okt-14 05:10:00	72
23-okt-14 05:15:00	48
23-okt-14 05:20:00	72
23-okt-14 05:25:00	96
23-okt-14 05:30:00	72
23-okt-14 05:35:00	96
23-okt-14 05:40:00	72
23-okt-14 05:45:00	96
23-okt-14 05:50:00	120
23-okt-14 05:55:00	120
23-okt-14 06:00:00	144
23-okt-14 06:05:00	168
23-okt-14 06:10:00	168
23-okt-14 06:15:00	168
23-okt-14 06:20:00	216
23-okt-14 06:25:00	216
23-okt-14 06:30:00	216
23-okt-14 06:35:00	288
23-okt-14 06:40:00	312
23-okt-14 06:45:00	300
23-okt-14 06:50:00	348
23-okt-14 06:55:00	384
23-okt-14 07:00:00	384
23-okt-14 07:05:00	432
23-okt-14 07:10:00	432
23-okt-14 07:15:00	456
23-okt-14 07:20:00	432
23-okt-14 07:25:00	432
23-okt-14 07:30:00	408
23-okt-14 07:35:00	456
23-okt-14 07:40:00	444
23-okt-14 07:45:00	468
23-okt-14 07:50:00	444
23-okt-14 07:55:00	444
23-okt-14 08:00:00	408
23-okt-14 08:05:00	444
23-okt-14 08:10:00	444
23-okt-14 08:15:00	408
23-okt-14 08:20:00	384
23-okt-14 08:25:00	408
23-okt-14 08:30:00	432
23-okt-14 08:35:00	408
23-okt-14 08:40:00	408
23-okt-14 08:45:00	456
23-okt-14 08:50:00	432
23-okt-14 08:55:00	408
23-okt-14 09:00:00	432
23-okt-14 09:05:00	432
23-okt-14 09:10:00	432
23-okt-14 09:15:00	432
23-okt-14 09:20:00	408
23-okt-14 09:25:00	408
23-okt-14 09:30:00	432
23-okt-14 09:35:00	432
23-okt-14 09:40:00	408
23-okt-14 09:45:00	408
23-okt-14 09:50:00	408
23-okt-14 09:55:00	384
23-okt-14 10:00:00	384
23-okt-14 10:05:00	384
23-okt-14 10:10:00	408
23-okt-14 10:15:00	372
23-okt-14 10:20:00	372
23-okt-14 10:25:00	384
23-okt-14 10:30:00	384
23-okt-14 10:35:00	384
23-okt-14 10:40:00	408
23-okt-14 10:45:00	384
23-okt-14 10:50:00	408
23-okt-14 10:55:00	384
23-okt-14 11:00:00	360
23-okt-14 11:05:00	396
23-okt-14 11:10:00	372
23-okt-14 11:15:00	408
23-okt-14 11:20:00	384
23-okt-14 11:25:00	384
23-okt-14 11:30:00	360
23-okt-14 11:35:00	384
23-okt-14 11:40:00	360
23-okt-14 11:45:00	384
23-okt-14 11:50:00	384
23-okt-14 11:55:00	360
23-okt-14 12:00:00	360
23-okt-14 12:05:00	360
23-okt-14 12:10:00	360
23-okt-14 12:15:00	360
23-okt-14 12:20:00	336
23-okt-14 12:25:00	360
23-okt-14 12:30:00	384
23-okt-14 12:35:00	360
23-okt-14 12:40:00	384
23-okt-14 12:45:00	408
23-okt-14 12:50:00	384
23-okt-14 12:55:00	384
23-okt-14 13:00:00	408
23-okt-14 13:05:00	360
23-okt-14 13:10:00	360
23-okt-14 13:15:00	360
23-okt-14 13:20:00	336
23-okt-14 13:25:00	336
23-okt-14 13:30:00	336
23-okt-14 13:35:00	360
23-okt-14 13:40:00	336
23-okt-14 13:45:00	336
23-okt-14 13:50:00	312
23-okt-14 13:55:00	336
23-okt-14 14:00:00	312
23-okt-14 14:05:00	312
23-okt-14 14:10:00	312
23-okt-14 14:15:00	312
23-okt-14 14:20:00	288
23-okt-14 14:25:00	336
23-okt-14 14:30:00	288
23-okt-14 14:35:00	288
23-okt-14 14:40:00	312
23-okt-14 14:45:00	288
23-okt-14 14:50:00	288
23-okt-14 14:55:00	288
23-okt-14 15:00:00	288
23-okt-14 15:05:00	288
23-okt-14 15:10:00	288
23-okt-14 15:15:00	264
23-okt-14 15:20:00	264
23-okt-14 15:25:00	264
23-okt-14 15:30:00	288
23-okt-14 15:35:00	288
23-okt-14 15:40:00	288
23-okt-14 15:45:00	288
23-okt-14 15:50:00	288
23-okt-14 15:55:00	288
23-okt-14 16:00:00	288
23-okt-14 16:05:00	288
23-okt-14 16:10:00	312
23-okt-14 16:15:00	288
23-okt-14 16:20:00	324
23-okt-14 16:25:00	324
23-okt-14 16:30:00	312
23-okt-14 16:35:00	336
23-okt-14 16:40:00	312
23-okt-14 16:45:00	336
23-okt-14 16:50:00	336
23-okt-14 16:55:00	336
23-okt-14 17:00:00	360
23-okt-14 17:05:00	336
23-okt-14 17:10:00	336
23-okt-14 17:15:00	336
23-okt-14 17:20:00	336
23-okt-14 17:25:00	336
23-okt-14 17:30:00	360
23-okt-14 17:35:00	360
23-okt-14 17:40:00	372
23-okt-14 17:45:00	372
23-okt-14 17:50:00	384
23-okt-14 17:55:00	360
23-okt-14 18:00:00	384
23-okt-14 18:05:00	384
23-okt-14 18:10:00	408
23-okt-14 18:15:00	384
23-okt-14 18:20:00	420
23-okt-14 18:25:00	420
23-okt-14 18:30:00	432
23-okt-14 18:35:00	456
23-okt-14 18:40:00	432
23-okt-14 18:45:00	432
23-okt-14 18:50:00	456
23-okt-14 18:55:00	432
23-okt-14 19:00:00	432
23-okt-14 19:05:00	432
23-okt-14 19:10:00	408
23-okt-14 19:15:00	432
23-okt-14 19:20:00	408
23-okt-14 19:25:00	384
23-okt-14 19:30:00	384
23-okt-14 19:35:00	336
23-okt-14 19:40:00	384
23-okt-14 19:45:00	384
23-okt-14 19:50:00	360
23-okt-14 19:55:00	360
23-okt-14 20:00:00	312
23-okt-14 20:05:00	312
23-okt-14 20:10:00	312
23-okt-14 20:15:00	288
23-okt-14 20:20:00	288
23-okt-14 20:25:00	288
23-okt-14 20:30:00	336
23-okt-14 20:35:00	312
23-okt-14 20:40:00	312
23-okt-14 20:45:00	312
23-okt-14 20:50:00	312
23-okt-14 20:55:00	288
23-okt-14 21:00:00	288
23-okt-14 21:05:00	288
23-okt-14 21:10:00	312
23-okt-14 21:15:00	288
23-okt-14 21:20:00	264
23-okt-14 21:25:00	240
23-okt-14 21:30:00	264
23-okt-14 21:35:00	264
23-okt-14 21:40:00	240
23-okt-14 21:45:00	264
23-okt-14 21:50:00	240
23-okt-14 21:55:00	264
23-okt-14 22:00:00	252
23-okt-14 22:05:00	252
23-okt-14 22:10:00	240
23-okt-14 22:15:00	264
23-okt-14 22:20:00	264
23-okt-14 22:25:00	264
23-okt-14 22:30:00	240
23-okt-14 22:35:00	240
23-okt-14 22:40:00	216
23-okt-14 22:45:00	216
23-okt-14 22:50:00	240
23-okt-14 22:55:00	264
23-okt-14 23:00:00	276
23-okt-14 23:05:00	252
23-okt-14 23:10:00	228
23-okt-14 23:15:00	204
23-okt-14 23:20:00	192
23-okt-14 23:25:00	192
23-okt-14 23:30:00	192
23-okt-14 23:35:00	180
23-okt-14 23:40:00	156
23-okt-14 23:45:00	168
23-okt-14 23:50:00	144
23-okt-14 23:55:00	168
29-okt-14 21:35:00	264
29-okt-14 21:40:00	264
29-okt-14 21:45:00	264
29-okt-14 21:50:00	264
29-okt-14 21:55:00	288
29-okt-14 22:00:00	264
29-okt-14 22:05:00	264
29-okt-14 22:10:00	264
29-okt-14 22:15:00	264
29-okt-14 22:20:00	240
29-okt-14 22:25:00	264
29-okt-14 22:30:00	288
29-okt-14 22:35:00	288
29-okt-14 22:40:00	228
29-okt-14 22:45:00	228
29-okt-14 22:50:00	216
29-okt-14 22:55:00	264
29-okt-14 23:00:00	240
29-okt-14 23:05:00	240
29-okt-14 23:10:00	192
29-okt-14 23:15:00	192
29-okt-14 23:20:00	192
29-okt-14 23:25:00	192
29-okt-14 23:30:00	168
29-okt-14 23:35:00	144
29-okt-14 23:40:00	168
29-okt-14 23:45:00	144
29-okt-14 23:50:00	168
29-okt-14 23:55:00	144
30-okt-14 00:00:00	120
30-okt-14 00:05:00	120
30-okt-14 00:10:00	120
30-okt-14 00:15:00	120
30-okt-14 00:20:00	120
30-okt-14 00:25:00	120
30-okt-14 00:30:00	96
30-okt-14 00:35:00	96
30-okt-14 00:40:00	72
30-okt-14 00:45:00	96
30-okt-14 00:50:00	96
30-okt-14 00:55:00	72
30-okt-14 01:00:00	96
30-okt-14 01:05:00	96
30-okt-14 01:10:00	96
30-okt-14 01:15:00	72
30-okt-14 01:20:00	96
30-okt-14 01:25:00	72
30-okt-14 01:30:00	72
30-okt-14 01:35:00	48
30-okt-14 01:40:00	48
30-okt-14 01:45:00	72
30-okt-14 01:50:00	48
30-okt-14 01:55:00	72
30-okt-14 02:00:00	72
30-okt-14 02:05:00	48
30-okt-14 02:10:00	48
30-okt-14 02:15:00	72
30-okt-14 02:20:00	48
30-okt-14 02:25:00	48
30-okt-14 02:30:00	48
30-okt-14 02:35:00	48
30-okt-14 02:40:00	48
30-okt-14 02:45:00	48
30-okt-14 02:50:00	72
30-okt-14 02:55:00	48
30-okt-14 03:00:00	48
30-okt-14 03:05:00	48
30-okt-14 03:10:00	48
30-okt-14 03:15:00	48
30-okt-14 03:20:00	48
30-okt-14 03:25:00	48
30-okt-14 03:30:00	48
30-okt-14 03:35:00	48
30-okt-14 03:40:00	48
30-okt-14 03:45:00	48
30-okt-14 03:50:00	48
30-okt-14 03:55:00	24
30-okt-14 04:00:00	48
30-okt-14 04:05:00	24
30-okt-14 04:10:00	72
30-okt-14 04:15:00	48
30-okt-14 04:20:00	24
30-okt-14 04:25:00	48
30-okt-14 04:30:00	48
30-okt-14 04:35:00	72
30-okt-14 04:40:00	48
30-okt-14 04:45:00	48
30-okt-14 04:50:00	72
30-okt-14 04:55:00	48
30-okt-14 05:00:00	48
30-okt-14 05:05:00	72
30-okt-14 05:10:00	60
30-okt-14 05:15:00	60
30-okt-14 05:20:00	72
30-okt-14 05:25:00	96
30-okt-14 05:30:00	72
30-okt-14 05:35:00	96
30-okt-14 05:40:00	120
30-okt-14 05:45:00	96
30-okt-14 05:50:00	144
30-okt-14 05:55:00	120
30-okt-14 06:00:00	156
30-okt-14 06:05:00	156
30-okt-14 06:10:00	192
30-okt-14 06:15:00	168
30-okt-14 06:20:00	216
30-okt-14 06:25:00	252
30-okt-14 06:30:00	276
30-okt-14 06:35:00	336
30-okt-14 06:40:00	348
30-okt-14 06:45:00	372
30-okt-14 06:50:00	384
30-okt-14 06:55:00	420
30-okt-14 07:00:00	420
30-okt-14 07:05:00	480
30-okt-14 07:10:00	480
30-okt-14 07:15:00	480
30-okt-14 07:20:00	504
30-okt-14 07:25:00	480
30-okt-14 07:30:00	504
30-okt-14 07:35:00	480
30-okt-14 07:40:00	480
30-okt-14 07:45:00	480
30-okt-14 07:50:00	480
30-okt-14 07:55:00	504
30-okt-14 08:00:00	480
30-okt-14 08:05:00	480
30-okt-14 08:10:00	456
30-okt-14 08:15:00	480
30-okt-14 08:20:00	432
30-okt-14 08:25:00	456
30-okt-14 08:30:00	456
30-okt-14 08:35:00	456
30-okt-14 08:40:00	432
30-okt-14 08:45:00	456
30-okt-14 08:50:00	456
30-okt-14 08:55:00	456
30-okt-14 09:00:00	456
30-okt-14 09:05:00	432
30-okt-14 09:10:00	432
30-okt-14 09:15:00	456
30-okt-14 09:20:00	408
30-okt-14 09:25:00	456
30-okt-14 09:30:00	432
30-okt-14 09:35:00	408
30-okt-14 09:40:00	432
30-okt-14 09:45:00	408
30-okt-14 09:50:00	408
30-okt-14 09:55:00	432
30-okt-14 10:00:00	408
30-okt-14 10:05:00	420
30-okt-14 10:10:00	396
30-okt-14 10:15:00	408
30-okt-14 10:20:00	384
30-okt-14 10:25:00	408
30-okt-14 10:30:00	384
30-okt-14 10:35:00	384
30-okt-14 10:40:00	408
30-okt-14 10:45:00	408
30-okt-14 10:50:00	432
30-okt-14 10:55:00	408
30-okt-14 11:00:00	408
30-okt-14 11:05:00	408
30-okt-14 11:10:00	408
30-okt-14 11:15:00	408
30-okt-14 11:20:00	408
30-okt-14 11:25:00	480
30-okt-14 11:30:00	456
30-okt-14 11:35:00	408
30-okt-14 11:40:00	384
30-okt-14 11:45:00	360
30-okt-14 11:50:00	384
30-okt-14 11:55:00	360
30-okt-14 12:00:00	384
30-okt-14 12:05:00	384
30-okt-14 12:10:00	384
30-okt-14 12:15:00	384
30-okt-14 12:20:00	384
30-okt-14 12:25:00	384
30-okt-14 12:30:00	396
30-okt-14 12:35:00	396
30-okt-14 12:40:00	384
30-okt-14 12:45:00	384
30-okt-14 12:50:00	408
30-okt-14 12:55:00	384
30-okt-14 13:00:00	384
30-okt-14 13:05:00	384
30-okt-14 13:10:00	360
30-okt-14 13:15:00	360
30-okt-14 13:20:00	360
30-okt-14 13:25:00	384
30-okt-14 13:30:00	360
30-okt-14 13:35:00	336
30-okt-14 13:40:00	360
30-okt-14 13:45:00	336
30-okt-14 13:50:00	336
30-okt-14 13:55:00	360
30-okt-14 14:00:00	360
30-okt-14 14:05:00	336
30-okt-14 14:10:00	336
30-okt-14 14:15:00	336
30-okt-14 14:20:00	312
30-okt-14 14:25:00	312
30-okt-14 14:30:00	336
30-okt-14 14:35:00	312
30-okt-14 14:40:00	312
30-okt-14 14:45:00	336
30-okt-14 14:50:00	312
30-okt-14 14:55:00	336
30-okt-14 15:00:00	312
30-okt-14 15:05:00	312
30-okt-14 15:10:00	288
30-okt-14 15:15:00	324
30-okt-14 15:20:00	300
30-okt-14 15:25:00	288
30-okt-14 15:30:00	312
30-okt-14 15:35:00	288
30-okt-14 15:40:00	288
30-okt-14 15:45:00	288
30-okt-14 15:50:00	288
30-okt-14 15:55:00	276
30-okt-14 16:00:00	300
30-okt-14 16:05:00	288
30-okt-14 16:10:00	288
30-okt-14 16:15:00	312
30-okt-14 16:20:00	312
30-okt-14 16:25:00	312
30-okt-14 16:30:00	312
30-okt-14 16:35:00	312
30-okt-14 16:40:00	312
30-okt-14 16:45:00	336
30-okt-14 16:50:00	336
30-okt-14 16:55:00	336
30-okt-14 17:00:00	336
30-okt-14 17:05:00	360
30-okt-14 17:10:00	336
30-okt-14 17:15:00	360
30-okt-14 17:20:00	360
30-okt-14 17:25:00	384
30-okt-14 17:30:00	360
30-okt-14 17:35:00	360
30-okt-14 17:40:00	384
30-okt-14 17:45:00	360
30-okt-14 17:50:00	360
30-okt-14 17:55:00	360
30-okt-14 18:00:00	360
30-okt-14 18:05:00	384
30-okt-14 18:10:00	384
30-okt-14 18:15:00	408
30-okt-14 18:20:00	408
30-okt-14 18:25:00	408
30-okt-14 18:30:00	420
30-okt-14 18:35:00	432
30-okt-14 18:40:00	444
30-okt-14 18:45:00	480
30-okt-14 18:50:00	432
30-okt-14 18:55:00	456
30-okt-14 19:00:00	432
30-okt-14 19:05:00	408
30-okt-14 19:10:00	396
30-okt-14 19:15:00	396
30-okt-14 19:20:00	408
30-okt-14 19:25:00	408
30-okt-14 19:30:00	384
30-okt-14 19:35:00	360
30-okt-14 19:40:00	384
30-okt-14 19:45:00	360
30-okt-14 19:50:00	360
30-okt-14 19:55:00	360
30-okt-14 20:00:00	336
30-okt-14 20:05:00	312
30-okt-14 20:10:00	312
30-okt-14 20:15:00	336
30-okt-14 20:20:00	312
30-okt-14 20:25:00	312
30-okt-14 20:30:00	300
30-okt-14 20:35:00	276
30-okt-14 20:40:00	288
30-okt-14 20:45:00	288
30-okt-14 20:50:00	288
30-okt-14 20:55:00	288
30-okt-14 21:00:00	240
30-okt-14 21:05:00	240
30-okt-14 21:10:00	264
30-okt-14 21:15:00	240
30-okt-14 21:20:00	264
30-okt-14 21:25:00	240
30-okt-14 21:30:00	240
30-okt-14 21:35:00	264
30-okt-14 21:40:00	264
30-okt-14 21:45:00	288
30-okt-14 21:50:00	264
30-okt-14 21:55:00	264
30-okt-14 22:00:00	240
30-okt-14 22:05:00	264
30-okt-14 22:10:00	264
30-okt-14 22:15:00	264
30-okt-14 22:20:00	264
30-okt-14 22:25:00	264
30-okt-14 22:30:00	240
30-okt-14 22:35:00	240
30-okt-14 22:40:00	240
30-okt-14 22:45:00	264
30-okt-14 22:50:00	216
30-okt-14 22:55:00	240
30-okt-14 23:00:00	240
30-okt-14 23:05:00	240
30-okt-14 23:10:00	216
30-okt-14 23:15:00	216
30-okt-14 23:20:00	192
30-okt-14 23:25:00	192
30-okt-14 23:30:00	192
30-okt-14 23:35:00	168
30-okt-14 23:40:00	168
30-okt-14 23:45:00	168
30-okt-14 23:50:00	168
30-okt-14 23:55:00	168
05-nov-14 21:35:00	192
05-nov-14 21:40:00	192
05-nov-14 21:45:00	192
05-nov-14 21:50:00	168
05-nov-14 21:55:00	168
05-nov-14 22:00:00	144
05-nov-14 22:05:00	120
05-nov-14 22:10:00	168
05-nov-14 22:15:00	168
05-nov-14 22:20:00	168
05-nov-14 22:25:00	144
05-nov-14 22:30:00	168
05-nov-14 22:35:00	168
05-nov-14 22:40:00	168
05-nov-14 22:45:00	144
05-nov-14 22:50:00	144
05-nov-14 22:55:00	168
05-nov-14 23:00:00	168
05-nov-14 23:05:00	144
05-nov-14 23:10:00	144
05-nov-14 23:15:00	120
05-nov-14 23:20:00	96
05-nov-14 23:25:00	96
05-nov-14 23:30:00	96
05-nov-14 23:35:00	96
05-nov-14 23:40:00	72
05-nov-14 23:45:00	72
05-nov-14 23:50:00	72
05-nov-14 23:55:00	72
06-nov-14 00:00:00	72
06-nov-14 00:05:00	72
06-nov-14 00:10:00	48
06-nov-14 00:15:00	48
06-nov-14 00:20:00	24
06-nov-14 00:25:00	48
06-nov-14 00:30:00	48
06-nov-14 00:35:00	24
06-nov-14 00:40:00	24
06-nov-14 00:45:00	0
06-nov-14 00:50:00	24
06-nov-14 00:55:00	0
06-nov-14 01:00:00	0
06-nov-14 01:05:00	24
06-nov-14 01:10:00	48
06-nov-14 01:15:00	24
06-nov-14 01:20:00	24
06-nov-14 01:25:00	0
06-nov-14 01:30:00	24
06-nov-14 01:35:00	48
06-nov-14 01:40:00	24
06-nov-14 01:45:00	24
06-nov-14 01:50:00	24
06-nov-14 01:55:00	24
06-nov-14 02:00:00	48
06-nov-14 02:05:00	24
06-nov-14 02:10:00	48
06-nov-14 02:15:00	48
06-nov-14 02:20:00	24
06-nov-14 02:25:00	48
06-nov-14 02:30:00	72
06-nov-14 02:35:00	48
06-nov-14 02:40:00	48
06-nov-14 02:45:00	24
06-nov-14 02:50:00	48
06-nov-14 02:55:00	24
06-nov-14 03:00:00	48
06-nov-14 03:05:00	24
06-nov-14 03:10:00	48
06-nov-14 03:15:00	24
06-nov-14 03:20:00	24
06-nov-14 03:25:00	0
06-nov-14 03:30:00	24
06-nov-14 03:35:00	24
06-nov-14 03:40:00	24
06-nov-14 03:45:00	24
06-nov-14 03:50:00	24
06-nov-14 03:55:00	0
06-nov-14 04:00:00	24
06-nov-14 04:05:00	0
06-nov-14 04:10:00	24
06-nov-14 04:15:00	24
06-nov-14 04:20:00	0
06-nov-14 04:25:00	12
06-nov-14 04:30:00	24
06-nov-14 04:35:00	0
06-nov-14 04:40:00	12
06-nov-14 04:45:00	24
06-nov-14 04:50:00	0
06-nov-14 04:55:00	24
06-nov-14 05:00:00	24
06-nov-14 05:05:00	0
06-nov-14 05:10:00	12
06-nov-14 05:15:00	0
06-nov-14 05:20:00	12
06-nov-14 05:25:00	0
06-nov-14 05:30:00	12
06-nov-14 05:35:00	24
06-nov-14 05:40:00	48
06-nov-14 05:45:00	24
06-nov-14 05:50:00	48
06-nov-14 05:55:00	72
06-nov-14 06:00:00	72
06-nov-14 06:05:00	96
06-nov-14 06:10:00	96
06-nov-14 06:15:00	96
06-nov-14 06:20:00	120
06-nov-14 06:25:00	168
06-nov-14 06:30:00	168
06-nov-14 06:35:00	192
06-nov-14 06:40:00	216
06-nov-14 06:45:00	216
06-nov-14 06:50:00	264
06-nov-14 06:55:00	264
06-nov-14 07:00:00	264
06-nov-14 07:05:00	336
06-nov-14 07:10:00	336
06-nov-14 07:15:00	384
06-nov-14 07:20:00	336
06-nov-14 07:25:00	360
06-nov-14 07:30:00	360
06-nov-14 07:35:00	360
06-nov-14 07:40:00	384
06-nov-14 07:45:00	360
06-nov-14 07:50:00	360
06-nov-14 07:55:00	360
06-nov-14 08:00:00	360
06-nov-14 08:05:00	360
06-nov-14 08:10:00	360
06-nov-14 08:15:00	336
06-nov-14 08:20:00	312
06-nov-14 08:25:00	312
06-nov-14 08:30:00	324
06-nov-14 08:35:00	324
06-nov-14 08:40:00	312
06-nov-14 08:45:00	336
06-nov-14 08:50:00	336
06-nov-14 08:55:00	336
06-nov-14 09:00:00	336
06-nov-14 09:05:00	336
06-nov-14 09:10:00	336
06-nov-14 09:15:00	336
06-nov-14 09:20:00	336
06-nov-14 09:25:00	336
06-nov-14 09:30:00	312
06-nov-14 09:35:00	312
06-nov-14 09:40:00	288
06-nov-14 09:45:00	288
06-nov-14 09:50:00	312
06-nov-14 09:55:00	288
06-nov-14 10:00:00	312
06-nov-14 10:05:00	312
06-nov-14 10:10:00	288
06-nov-14 10:15:00	288
06-nov-14 10:20:00	264
06-nov-14 10:25:00	288
06-nov-14 10:30:00	264
06-nov-14 10:35:00	288
06-nov-14 10:40:00	264
06-nov-14 10:45:00	288
06-nov-14 10:50:00	312
06-nov-14 10:55:00	288
06-nov-14 11:00:00	288
06-nov-14 11:05:00	312
06-nov-14 11:10:00	288
06-nov-14 11:15:00	288
06-nov-14 11:20:00	288
06-nov-14 11:25:00	288
06-nov-14 11:30:00	276
06-nov-14 11:35:00	276
06-nov-14 11:40:00	264
06-nov-14 11:45:00	264
06-nov-14 11:50:00	264
06-nov-14 11:55:00	288
06-nov-14 12:00:00	264
06-nov-14 12:05:00	264
06-nov-14 12:10:00	264
06-nov-14 12:15:00	264
06-nov-14 12:20:00	264
06-nov-14 12:25:00	240
06-nov-14 12:30:00	288
06-nov-14 12:35:00	264
06-nov-14 12:40:00	264
06-nov-14 12:45:00	264
06-nov-14 12:50:00	288
06-nov-14 12:55:00	240
06-nov-14 13:00:00	252
06-nov-14 13:05:00	252
06-nov-14 13:10:00	240
06-nov-14 13:15:00	240
06-nov-14 13:20:00	216
06-nov-14 13:25:00	216
06-nov-14 13:30:00	240
06-nov-14 13:35:00	216
06-nov-14 13:40:00	192
06-nov-14 13:45:00	216
06-nov-14 13:50:00	216
06-nov-14 13:55:00	216
06-nov-14 14:00:00	216
06-nov-14 14:05:00	216
06-nov-14 14:10:00	216
06-nov-14 14:15:00	216
06-nov-14 14:20:00	192
06-nov-14 14:25:00	204
06-nov-14 14:30:00	204
06-nov-14 14:35:00	216
06-nov-14 14:40:00	216
06-nov-14 14:45:00	192
06-nov-14 14:50:00	192
06-nov-14 14:55:00	216
06-nov-14 15:00:00	192
06-nov-14 15:05:00	192
06-nov-14 15:10:00	192
06-nov-14 15:15:00	168
06-nov-14 15:20:00	192
06-nov-14 15:25:00	192
06-nov-14 15:30:00	192
06-nov-14 15:35:00	216
06-nov-14 15:40:00	168
06-nov-14 15:45:00	192
06-nov-14 15:50:00	192
06-nov-14 15:55:00	168
06-nov-14 16:00:00	192
06-nov-14 16:05:00	192
06-nov-14 16:10:00	168
06-nov-14 16:15:00	216
06-nov-14 16:20:00	192
06-nov-14 16:25:00	216
06-nov-14 16:30:00	216
06-nov-14 16:35:00	240
06-nov-14 16:40:00	216
06-nov-14 16:45:00	216
06-nov-14 16:50:00	240
06-nov-14 16:55:00	240
06-nov-14 17:00:00	240
06-nov-14 17:05:00	240
06-nov-14 17:10:00	216
06-nov-14 17:15:00	240
06-nov-14 17:20:00	240
06-nov-14 17:25:00	264
06-nov-14 17:30:00	264
06-nov-14 17:35:00	264
06-nov-14 17:40:00	240
06-nov-14 17:45:00	264
06-nov-14 17:50:00	288
06-nov-14 17:55:00	312
06-nov-14 18:00:00	288
06-nov-14 18:05:00	288
06-nov-14 18:10:00	288
06-nov-14 18:15:00	312
06-nov-14 18:20:00	336
06-nov-14 18:25:00	312
06-nov-14 18:30:00	336
06-nov-14 18:35:00	336
06-nov-14 18:40:00	336
06-nov-14 18:45:00	360
06-nov-14 18:50:00	360
06-nov-14 18:55:00	312
06-nov-14 19:00:00	336
06-nov-14 19:05:00	336
06-nov-14 19:10:00	288
06-nov-14 19:15:00	336
06-nov-14 19:20:00	312
06-nov-14 19:25:00	288
06-nov-14 19:30:00	264
06-nov-14 19:35:00	276
06-nov-14 19:40:00	252
06-nov-14 19:45:00	264
06-nov-14 19:50:00	264
06-nov-14 19:55:00	264
06-nov-14 20:00:00	216
06-nov-14 20:05:00	192
06-nov-14 20:10:00	216
06-nov-14 20:15:00	192
06-nov-14 20:20:00	168
06-nov-14 20:25:00	168
06-nov-14 20:30:00	216
06-nov-14 20:35:00	192
06-nov-14 20:40:00	192
06-nov-14 20:45:00	192
06-nov-14 20:50:00	168
06-nov-14 20:55:00	192
06-nov-14 21:00:00	192
06-nov-14 21:05:00	168
06-nov-14 21:10:00	168
06-nov-14 21:15:00	192
06-nov-14 21:20:00	168
06-nov-14 21:25:00	144
06-nov-14 21:30:00	168
06-nov-14 21:35:00	192
06-nov-14 21:40:00	192
06-nov-14 21:45:00	216
06-nov-14 21:50:00	192
06-nov-14 21:55:00	168
06-nov-14 22:00:00	168
06-nov-14 22:05:00	192
06-nov-14 22:10:00	168
06-nov-14 22:15:00	180
06-nov-14 22:20:00	180
06-nov-14 22:25:00	168
06-nov-14 22:30:00	168
06-nov-14 22:35:00	144
06-nov-14 22:40:00	144
06-nov-14 22:45:00	168
06-nov-14 22:50:00	120
06-nov-14 22:55:00	168
06-nov-14 23:00:00	168
06-nov-14 23:05:00	168
06-nov-14 23:10:00	120
06-nov-14 23:15:00	120
06-nov-14 23:20:00	120
06-nov-14 23:25:00	120
06-nov-14 23:30:00	96
06-nov-14 23:35:00	72
06-nov-14 23:40:00	72
06-nov-14 23:45:00	96
06-nov-14 23:50:00	48
06-nov-14 23:55:00	72
12-nov-14 21:35:00	168
12-nov-14 21:40:00	144
12-nov-14 21:45:00	168
12-nov-14 21:50:00	168
12-nov-14 21:55:00	144
12-nov-14 22:00:00	168
12-nov-14 22:05:00	120
12-nov-14 22:10:00	144
12-nov-14 22:15:00	144
12-nov-14 22:20:00	144
12-nov-14 22:25:00	144
12-nov-14 22:30:00	192
12-nov-14 22:35:00	192
12-nov-14 22:40:00	192
12-nov-14 22:45:00	144
12-nov-14 22:50:00	144
12-nov-14 22:55:00	144
12-nov-14 23:00:00	144
12-nov-14 23:05:00	144
12-nov-14 23:10:00	120
12-nov-14 23:15:00	120
12-nov-14 23:20:00	96
12-nov-14 23:25:00	120
12-nov-14 23:30:00	96
12-nov-14 23:35:00	96
12-nov-14 23:40:00	96
12-nov-14 23:45:00	72
12-nov-14 23:50:00	72
12-nov-14 23:55:00	72
13-nov-14 00:00:00	48
13-nov-14 00:05:00	72
13-nov-14 00:10:00	48
13-nov-14 00:15:00	24
13-nov-14 00:20:00	24
13-nov-14 00:25:00	24
13-nov-14 00:30:00	24
13-nov-14 00:35:00	24
13-nov-14 00:40:00	24
13-nov-14 00:45:00	0
13-nov-14 00:50:00	24
13-nov-14 00:55:00	24
13-nov-14 01:00:00	0
13-nov-14 01:05:00	0
13-nov-14 01:10:00	0
13-nov-14 01:15:00	0
13-nov-14 01:20:00	0
13-nov-14 01:25:00	24
13-nov-14 01:30:00	0
13-nov-14 01:35:00	0
13-nov-14 01:40:00	24
13-nov-14 01:45:00	24
13-nov-14 01:50:00	24
13-nov-14 01:55:00	0
13-nov-14 02:00:00	12
13-nov-14 02:05:00	24
13-nov-14 02:10:00	0
13-nov-14 02:15:00	12
13-nov-14 02:20:00	0
13-nov-14 02:25:00	12
13-nov-14 02:30:00	0
13-nov-14 02:35:00	12
13-nov-14 02:40:00	0
13-nov-14 02:45:00	12
13-nov-14 02:50:00	0
13-nov-14 02:55:00	24
13-nov-14 03:00:00	0
13-nov-14 03:05:00	12
13-nov-14 03:10:00	24
13-nov-14 03:15:00	0
13-nov-14 03:20:00	24
13-nov-14 03:25:00	0
13-nov-14 03:30:00	36
13-nov-14 03:35:00	0
13-nov-14 03:40:00	48
13-nov-14 03:45:00	24
13-nov-14 03:50:00	24
13-nov-14 03:55:00	24
13-nov-14 04:00:00	24
13-nov-14 04:05:00	48
13-nov-14 04:10:00	24
13-nov-14 04:15:00	24
13-nov-14 04:20:00	24
13-nov-14 04:25:00	24
13-nov-14 04:30:00	24
13-nov-14 04:35:00	24
13-nov-14 04:40:00	24
13-nov-14 04:45:00	0
13-nov-14 04:50:00	24
13-nov-14 04:55:00	24
13-nov-14 05:00:00	0
13-nov-14 05:05:00	12
13-nov-14 05:10:00	0
13-nov-14 05:15:00	48
13-nov-14 05:20:00	24
13-nov-14 05:25:00	24
13-nov-14 05:30:00	48
13-nov-14 05:35:00	48
13-nov-14 05:40:00	48
13-nov-14 05:45:00	72
13-nov-14 05:50:00	72
13-nov-14 05:55:00	96
13-nov-14 06:00:00	96
13-nov-14 06:05:00	120
13-nov-14 06:10:00	144
13-nov-14 06:15:00	144
13-nov-14 06:20:00	168
13-nov-14 06:25:00	168
13-nov-14 06:30:00	204
13-nov-14 06:35:00	228
13-nov-14 06:40:00	264
13-nov-14 06:45:00	264
13-nov-14 06:50:00	336
13-nov-14 06:55:00	312
13-nov-14 07:00:00	336
13-nov-14 07:05:00	360
13-nov-14 07:10:00	384
13-nov-14 07:15:00	384
13-nov-14 07:20:00	384
13-nov-14 07:25:00	384
13-nov-14 07:30:00	384
13-nov-14 07:35:00	408
13-nov-14 07:40:00	384
13-nov-14 07:45:00	408
13-nov-14 07:50:00	360
13-nov-14 07:55:00	360
13-nov-14 08:00:00	360
13-nov-14 08:05:00	408
13-nov-14 08:10:00	408
13-nov-14 08:15:00	384
13-nov-14 08:20:00	360
13-nov-14 08:25:00	360
13-nov-14 08:30:00	360
13-nov-14 08:35:00	360
13-nov-14 08:40:00	384
13-nov-14 08:45:00	384
13-nov-14 08:50:00	360
13-nov-14 08:55:00	384
13-nov-14 09:00:00	360
13-nov-14 09:05:00	336
13-nov-14 09:10:00	360
13-nov-14 09:15:00	312
13-nov-14 09:20:00	336
13-nov-14 09:25:00	312
13-nov-14 09:30:00	336
13-nov-14 09:35:00	312
13-nov-14 09:40:00	312
13-nov-14 09:45:00	324
13-nov-14 09:50:00	300
13-nov-14 09:55:00	312
13-nov-14 10:00:00	312
13-nov-14 10:05:00	312
13-nov-14 10:10:00	312
13-nov-14 10:15:00	288
13-nov-14 10:20:00	288
13-nov-14 10:25:00	264
13-nov-14 10:30:00	288
13-nov-14 10:35:00	264
13-nov-14 10:40:00	264
13-nov-14 10:45:00	288
13-nov-14 10:50:00	264
13-nov-14 10:55:00	288
13-nov-14 11:00:00	264
13-nov-14 11:05:00	264
13-nov-14 11:10:00	288
13-nov-14 11:15:00	288
13-nov-14 11:20:00	288
13-nov-14 11:25:00	264
13-nov-14 11:30:00	276
13-nov-14 11:35:00	228
13-nov-14 11:40:00	240
13-nov-14 11:45:00	264
13-nov-14 11:50:00	384
13-nov-14 11:55:00	360
13-nov-14 12:00:00	408
13-nov-14 12:05:00	384
13-nov-14 12:10:00	384
13-nov-14 12:15:00	384
13-nov-14 12:20:00	384
13-nov-14 12:25:00	384
13-nov-14 12:30:00	384
13-nov-14 12:35:00	384
13-nov-14 12:40:00	384
13-nov-14 12:45:00	360
13-nov-14 12:50:00	408
13-nov-14 12:55:00	384
13-nov-14 13:00:00	360
13-nov-14 13:05:00	384
13-nov-14 13:10:00	360
13-nov-14 13:15:00	336
13-nov-14 13:20:00	360
13-nov-14 13:25:00	360
13-nov-14 13:30:00	336
13-nov-14 13:35:00	336
13-nov-14 13:40:00	336
13-nov-14 13:45:00	324
13-nov-14 13:50:00	324
13-nov-14 13:55:00	312
13-nov-14 14:00:00	312
13-nov-14 14:05:00	336
13-nov-14 14:10:00	312
13-nov-14 14:15:00	288
13-nov-14 14:20:00	312
13-nov-14 14:25:00	300
13-nov-14 14:30:00	300
13-nov-14 14:35:00	312
13-nov-14 14:40:00	288
13-nov-14 14:45:00	288
13-nov-14 14:50:00	288
13-nov-14 14:55:00	264
13-nov-14 15:00:00	288
13-nov-14 15:05:00	288
13-nov-14 15:10:00	264
13-nov-14 15:15:00	288
13-nov-14 15:20:00	288
13-nov-14 15:25:00	264
13-nov-14 15:30:00	288
13-nov-14 15:35:00	288
13-nov-14 15:40:00	312
13-nov-14 15:45:00	288
13-nov-14 15:50:00	288
13-nov-14 15:55:00	288
13-nov-14 16:00:00	288
13-nov-14 16:05:00	312
13-nov-14 16:10:00	288
13-nov-14 16:15:00	312
13-nov-14 16:20:00	288
13-nov-14 16:25:00	288
13-nov-14 16:30:00	336
13-nov-14 16:35:00	336
13-nov-14 16:40:00	312
13-nov-14 16:45:00	312
13-nov-14 16:50:00	360
13-nov-14 16:55:00	336
13-nov-14 17:00:00	336
13-nov-14 17:05:00	336
13-nov-14 17:10:00	336
13-nov-14 17:15:00	336
13-nov-14 17:20:00	360
13-nov-14 17:25:00	360
13-nov-14 17:30:00	360
13-nov-14 17:35:00	360
13-nov-14 17:40:00	360
13-nov-14 17:45:00	360
13-nov-14 17:50:00	384
13-nov-14 17:55:00	360
13-nov-14 18:00:00	360
13-nov-14 18:05:00	384
13-nov-14 18:10:00	360
13-nov-14 18:15:00	408
13-nov-14 18:20:00	408
13-nov-14 18:25:00	408
13-nov-14 18:30:00	408
13-nov-14 18:35:00	408
13-nov-14 18:40:00	432
13-nov-14 18:45:00	456
13-nov-14 18:50:00	432
13-nov-14 18:55:00	432
13-nov-14 19:00:00	432
13-nov-14 19:05:00	432
13-nov-14 19:10:00	384
13-nov-14 19:15:00	408
13-nov-14 19:20:00	408
13-nov-14 19:25:00	384
13-nov-14 19:30:00	336
13-nov-14 19:35:00	360
13-nov-14 19:40:00	336
13-nov-14 19:45:00	360
13-nov-14 19:50:00	360
13-nov-14 19:55:00	336
13-nov-14 20:00:00	336
13-nov-14 20:05:00	312
13-nov-14 20:10:00	312
13-nov-14 20:15:00	336
13-nov-14 20:20:00	288
13-nov-14 20:25:00	312
13-nov-14 20:30:00	336
13-nov-14 20:35:00	288
13-nov-14 20:40:00	300
13-nov-14 20:45:00	300
13-nov-14 20:50:00	288
13-nov-14 20:55:00	264
13-nov-14 21:00:00	240
13-nov-14 21:05:00	240
13-nov-14 21:10:00	288
13-nov-14 21:15:00	264
13-nov-14 21:20:00	216
13-nov-14 21:25:00	216
13-nov-14 21:30:00	240
13-nov-14 21:35:00	240
13-nov-14 21:40:00	240
13-nov-14 21:45:00	264
13-nov-14 21:50:00	264
13-nov-14 21:55:00	216
13-nov-14 22:00:00	240
13-nov-14 22:05:00	240
13-nov-14 22:10:00	264
13-nov-14 22:15:00	240
13-nov-14 22:20:00	264
13-nov-14 22:25:00	240
13-nov-14 22:30:00	216
13-nov-14 22:35:00	240
13-nov-14 22:40:00	240
13-nov-14 22:45:00	264
13-nov-14 22:50:00	240
13-nov-14 22:55:00	264
13-nov-14 23:00:00	240
13-nov-14 23:05:00	216
13-nov-14 23:10:00	216
13-nov-14 23:15:00	192
13-nov-14 23:20:00	192
13-nov-14 23:25:00	192
13-nov-14 23:30:00	168
13-nov-14 23:35:00	144
13-nov-14 23:40:00	168
13-nov-14 23:45:00	168
13-nov-14 23:50:00	144
13-nov-14 23:55:00	144
